Name, H, W, R, S, C, M, Sx, Sy, E_size, F_size, R_size, S_size, C_size, M_size, Start time, Finish time, Total cycles, Load Cycles, GEMM Cycles, Store Cycles, Load Util%, GEMM Util%, Store Util%, Reward, Episode, Step, Overflow_count
Conv1, 128, 64, 5, 5, 256, 128, 1, 1, 45, 45, 1, 1, 32, 128, 0, 9001294, 9001294, 5279431, 1677642, 3382976, 58.652, 18.638, 37.583,0,0,0,0,
Conv1, 128, 64, 5, 5, 256, 128, 1, 1, 48.000, 43.000, 1, 1, 32, 128, 0, 0, 0, 0, 0, 0, 0.000, 0.000, 0.000, -0.390625, 0, 0, 1,
 Conv1, 128, 64, 5, 5, 256, 128, 1, 1, 47.000, 44.000, 1, 1, 32, 128, 0, 0, 0, 0, 0, 0, 0.000, 0.000, 0.000, -0.488281, 0, 1, 2,
 Conv1, 128, 64, 5, 5, 256, 128, 1, 1, 46.000, 45.000, 1, 1, 32, 128, 0, 0, 0, 0, 0, 0, 0.000, 0.000, 0.000, -0.537109, 0, 2, 3,
 Conv1, 128, 64, 5, 5, 256, 128, 1, 1, 45.000, 46.000, 1, 1, 32, 128, 0, 0, 0, 0, 0, 0, 0.000, 0.000, 0.000, -0.537109, 0, 3, 4,
 Conv1, 128, 64, 5, 5, 256, 128, 1, 1, 45.000, 46.000, 1, 1, 32, 128, 0, 0, 0, 0, 0, 0, 0.000, 0.000, 0.000, -0.537109, 0, 4, 5,
 Conv1, 128, 64, 5, 5, 256, 128, 1, 1, 45.000, 47.000, 1, 1, 32, 128, 0, 0, 0, 0, 0, 0, 0.000, 0.000, 0.000, -1.635742, 0, 5, 6,
 Conv1, 128, 64, 5, 5, 256, 128, 1, 1, 45.000, 48.000, 1, 1, 32, 128, 0, 0, 0, 0, 0, 0, 0.000, 0.000, 0.000, -2.734375, 0, 6, 7,
 Conv1, 128, 64, 5, 5, 256, 128, 1, 1, 45.000, 49.000, 1, 1, 32, 128, 0, 0, 0, 0, 0, 0, 0.000, 0.000, 0.000, -3.833008, 0, 7, 8,
 Conv1, 128, 64, 5, 5, 256, 128, 1, 1, 44.000, 49.000, 1, 1, 32, 128, 0, 0, 0, 0, 0, 0, 0.000, 0.000, 0.000, -2.636719, 0, 8, 9,
 Conv1, 128, 64, 5, 5, 256, 128, 1, 1, 44.000, 50.000, 1, 1, 32, 128, 0, 0, 0, 0, 0, 0, 0.000, 0.000, 0.000, -3.710938, 0, 9, 10,
 Conv1, 128, 64, 5, 5, 256, 128, 1, 1, 43.000, 51.000, 1, 1, 32, 128, 0, 0, 0, 0, 0, 0, 0.000, 0.000, 0.000, -3.540039, 0, 10, 11,
 Conv1, 128, 64, 5, 5, 256, 128, 1, 1, 43.000, 52.000, 1, 1, 32, 128, 0, 0, 0, 0, 0, 0, 0.000, 0.000, 0.000, -4.589844, 0, 11, 12,
 Conv1, 128, 64, 5, 5, 256, 128, 1, 1, 44.000, 53.000, 1, 1, 32, 128, 0, 0, 0, 0, 0, 0, 0.000, 0.000, 0.000, -6.933594, 0, 12, 13,
 Conv1, 128, 64, 5, 5, 256, 128, 1, 1, 43.000, 54.000, 1, 1, 32, 128, 0, 0, 0, 0, 0, 0, 0.000, 0.000, 0.000, -6.689453, 0, 13, 14,
 Conv1, 128, 64, 5, 5, 256, 128, 1, 1, 43.000, 55.000, 1, 1, 32, 128, 0, 0, 0, 0, 0, 0, 0.000, 0.000, 0.000, -7.739258, 0, 14, 15,
 Conv1, 128, 64, 5, 5, 256, 128, 1, 1, 42.000, 55.000, 1, 1, 32, 128, 0, 0, 0, 0, 0, 0, 0.000, 0.000, 0.000, -6.396484, 0, 15, 16,
 Conv1, 128, 64, 5, 5, 256, 128, 1, 1, 41.000, 55.000, 1, 1, 32, 128, 0, 0, 0, 0, 0, 0, 0.000, 0.000, 0.000, -5.053711, 0, 16, 17,
 Conv1, 128, 64, 5, 5, 256, 128, 1, 1, 40.000, 56.000, 1, 1, 32, 128, 0, 0, 0, 0, 0, 0, 0.000, 0.000, 0.000, -4.687500, 0, 17, 18,
 Conv1, 128, 64, 5, 5, 256, 128, 1, 1, 39.000, 56.000, 1, 1, 32, 128, 0, 0, 0, 0, 0, 0, 0.000, 0.000, 0.000, -3.320312, 0, 18, 19,
 Conv1, 128, 64, 5, 5, 256, 128, 1, 1, 39.000, 57.000, 1, 1, 32, 128, 0, 0, 0, 0, 0, 0, 0.000, 0.000, 0.000, -4.272461, 0, 19, 20,
 Conv1, 128, 64, 5, 5, 256, 128, 1, 1, 38.000, 58.000, 1, 1, 32, 128, 0, 0, 0, 0, 0, 0, 0.000, 0.000, 0.000, -3.808594, 0, 20, 21,
 Conv1, 128, 64, 5, 5, 256, 128, 1, 1, 37.000, 58.000, 1, 1, 32, 128, 0, 0, 0, 0, 0, 0, 0.000, 0.000, 0.000, -2.392578, 0, 21, 22,
 Conv1, 128, 64, 5, 5, 256, 128, 1, 1, 36.000, 59.000, 1, 1, 32, 128, 0, 0, 0, 0, 0, 0, 0.000, 0.000, 0.000, -1.855469, 0, 22, 23,
 Conv1, 128, 64, 5, 5, 256, 128, 1, 1, 35.000, 59.000, 1, 1, 32, 128, 0, 0, 0, 0, 0, 0, 0.000, 0.000, 0.000, -0.415039, 0, 23, 24,
 Conv1, 128, 64, 5, 5, 256, 128, 1, 1, 34, 60, 1, 1, 32, 128, 0, 8917533, 8917533, 5350937, 1614428, 3363173, 60.005, 18.104, 37.714,0.930544,0,24,24,
Conv1, 128, 64, 5, 5, 256, 128, 1, 1, 34, 60, 1, 1, 32, 128, 0, 8917533, 8917533, 5350937, 1614428, 3363173, 60.005, 18.104, 37.714,0.930544,0,25,24,
Conv1, 128, 64, 5, 5, 256, 128, 1, 1, 33, 60, 1, 1, 32, 128, 0, 8870153, 8870153, 5350176, 1614428, 3352678, 60.317, 18.201, 37.797,1.456913,0,26,24,
Conv1, 128, 64, 5, 5, 256, 128, 1, 1, 32, 60, 1, 1, 32, 128, 0, 8823803, 8823803, 5350435, 1614428, 3342401, 60.636, 18.296, 37.879,1.971839,0,27,24,
Conv1, 128, 64, 5, 5, 256, 128, 1, 1, 31, 60, 1, 1, 32, 128, 0, 8747093, 8747093, 5350834, 1614428, 3331661, 61.173, 18.457, 38.089,2.824050,0,28,24,
Conv1, 128, 64, 5, 5, 256, 128, 1, 1, 30, 60, 1, 1, 32, 128, 0, 8739733, 8739733, 5350334, 1646035, 3321413, 61.219, 18.834, 38.004,2.905816,0,29,24,
Conv1, 128, 64, 5, 5, 256, 128, 1, 1, 29, 60, 1, 1, 32, 128, 0, 9048173, 9048173, 5349857, 1646035, 3411798, 59.126, 18.192, 37.707,-0.005208,0,30,24,
Conv1, 128, 64, 5, 5, 256, 128, 1, 1, 29, 60, 1, 1, 32, 128, 0, 9048173, 9048173, 5349857, 1646035, 3411798, 59.126, 18.192, 37.707,-0.005208,0,31,24,
Conv1, 128, 64, 5, 5, 256, 128, 1, 1, 28, 60, 1, 1, 32, 128, 0, 8988873, 8988873, 5349963, 1646035, 3397689, 59.518, 18.312, 37.799,0.137991,0,32,24,
Conv1, 128, 64, 5, 5, 256, 128, 1, 1, 27, 60, 1, 1, 32, 128, 0, 8930173, 8930173, 5350420, 1646035, 3383902, 59.914, 18.432, 37.893,0.790120,0,33,24,
Conv1, 128, 64, 5, 5, 256, 128, 1, 1, 26, 60, 1, 1, 32, 128, 0, 8870633, 8870633, 5350135, 1646035, 3370128, 60.313, 18.556, 37.992,1.451580,0,34,24,
Conv1, 128, 64, 5, 5, 256, 128, 1, 1, 25, 60, 1, 1, 32, 128, 0, 8773543, 8773543, 5350303, 1646035, 3355863, 60.982, 18.761, 38.250,2.530203,0,35,24,
Conv1, 128, 64, 5, 5, 256, 128, 1, 1, 26, 60, 1, 1, 32, 128, 0, 8870633, 8870633, 5350135, 1646035, 3370128, 60.313, 18.556, 37.992,1.451580,0,36,24,
Conv1, 128, 64, 5, 5, 256, 128, 1, 1, 26, 60, 1, 1, 32, 128, 0, 8870633, 8870633, 5350135, 1646035, 3370128, 60.313, 18.556, 37.992,1.451580,0,37,24,
Conv1, 128, 64, 5, 5, 256, 128, 1, 1, 25, 60, 1, 1, 32, 128, 0, 8773543, 8773543, 5350303, 1646035, 3355863, 60.982, 18.761, 38.250,2.530203,0,38,24,
Conv1, 128, 64, 5, 5, 256, 128, 1, 1, 24, 60, 1, 1, 32, 128, 0, 8752793, 8752793, 5349901, 1677642, 3341807, 61.122, 19.167, 38.180,2.760725,0,39,24,
Conv1, 128, 64, 5, 5, 256, 128, 1, 1, 23, 60, 1, 1, 32, 128, 0, 8739183, 8739183, 5350054, 1677642, 3327740, 61.219, 19.197, 38.078,2.911926,0,40,24,
Conv1, 128, 64, 5, 5, 256, 128, 1, 1, 22, 60, 1, 1, 32, 128, 0, 8910733, 8910733, 5349947, 1677642, 3390476, 60.039, 18.827, 38.049,1.006089,0,41,24,
Conv1, 128, 64, 5, 5, 256, 128, 1, 1, 22, 60, 1, 1, 32, 128, 0, 8910733, 8910733, 5349947, 1677642, 3390476, 60.039, 18.827, 38.049,1.006089,0,42,24,
Conv1, 128, 64, 5, 5, 256, 128, 1, 1, 22, 60, 1, 1, 32, 128, 0, 8910733, 8910733, 5349947, 1677642, 3390476, 60.039, 18.827, 38.049,1.006089,0,43,24,
Conv1, 128, 64, 5, 5, 256, 128, 1, 1, 21, 60, 1, 1, 32, 128, 0, 8842773, 8842773, 5350067, 1677642, 3372837, 60.502, 18.972, 38.142,1.761091,0,44,24,
Conv1, 128, 64, 5, 5, 256, 128, 1, 1, 20, 60, 1, 1, 32, 128, 0, 8779943, 8779943, 5350229, 1709249, 3354809, 60.937, 19.468, 38.210,2.459102,0,45,24,
Conv1, 128, 64, 5, 5, 256, 128, 1, 1, 19, 60, 1, 1, 32, 128, 0, 8765173, 8765173, 5350630, 1709249, 3338545, 61.044, 19.500, 38.089,2.623190,0,46,24,
Conv1, 128, 64, 5, 5, 256, 128, 1, 1, 18, 60, 1, 1, 32, 128, 0, 8750713, 8750713, 5350848, 1709249, 3320978, 61.148, 19.533, 37.951,2.783833,0,47,24,
Conv1, 128, 64, 5, 5, 256, 128, 1, 1, 18, 60, 1, 1, 32, 128, 0, 8750713, 8750713, 5350848, 1709249, 3320978, 61.148, 19.533, 37.951,2.783833,0,48,24,
Conv1, 128, 64, 5, 5, 256, 128, 1, 1, 17, 60, 1, 1, 32, 128, 0, 8892393, 8892393, 5349593, 1740856, 3364439, 60.159, 19.577, 37.835,1.209837,0,49,24,
Conv1, 128, 64, 5, 5, 256, 128, 1, 1, 16, 60, 1, 1, 32, 128, 0, 8805723, 8805723, 5348415, 1740856, 3342516, 60.738, 19.770, 37.958,2.172699,0,50,24,
Conv1, 128, 64, 5, 5, 256, 128, 1, 1, 15, 60, 1, 1, 32, 128, 0, 8859693, 8859693, 5350666, 1772463, 3321619, 60.393, 20.006, 37.491,1.573118,0,51,24,
Conv1, 128, 64, 5, 5, 256, 128, 1, 1, 14, 60, 1, 1, 32, 128, 0, 8817033, 8817033, 5350918, 1772463, 3349773, 60.688, 20.103, 37.992,2.047050,0,52,24,
Conv1, 128, 64, 5, 5, 256, 128, 1, 1, 13, 60, 1, 1, 32, 128, 0, 8841643, 8841643, 5347925, 1804070, 3326681, 60.486, 20.404, 37.625,1.773645,0,53,24,
Conv1, 128, 64, 5, 5, 256, 128, 1, 1, 13, 60, 1, 1, 32, 128, 0, 8841643, 8841643, 5347925, 1804070, 3326681, 60.486, 20.404, 37.625,1.773645,0,54,24,
Conv1, 128, 64, 5, 5, 256, 128, 1, 1, 12, 60, 1, 1, 32, 128, 0, 8891923, 8891923, 5349769, 1835677, 3342385, 60.164, 20.644, 37.589,1.215059,0,55,24,
Conv1, 128, 64, 5, 5, 256, 128, 1, 1, 11, 60, 1, 1, 32, 128, 0, 8916783, 8916783, 5347667, 1867284, 3352897, 59.973, 20.941, 37.602,0.938876,0,56,24,
Conv1, 128, 64, 5, 5, 256, 128, 1, 1, 10, 60, 1, 1, 32, 128, 0, 8888353, 8888353, 5350548, 1898891, 3321977, 60.197, 21.364, 37.374,1.254720,0,57,24,
Conv1, 128, 64, 5, 5, 256, 128, 1, 1, 10, 60, 1, 1, 32, 128, 0, 8888353, 8888353, 5350548, 1898891, 3321977, 60.197, 21.364, 37.374,1.254720,0,58,24,
Conv1, 128, 64, 5, 5, 256, 128, 1, 1, 10, 60, 1, 1, 32, 128, 0, 8888353, 8888353, 5350548, 1898891, 3321977, 60.197, 21.364, 37.374,1.254720,0,59,24,
Conv1, 128, 64, 5, 5, 256, 128, 1, 1, 9, 60, 1, 1, 32, 128, 0, 8868603, 8868603, 5349214, 1930498, 3321598, 60.316, 21.768, 37.453,1.474132,0,60,24,
Conv1, 128, 64, 5, 5, 256, 128, 1, 1, 8, 60, 1, 1, 32, 128, 0, 8933403, 8933403, 5348761, 1993712, 3342581, 59.874, 22.317, 37.417,0.754236,0,61,24,
Conv1, 128, 64, 5, 5, 256, 128, 1, 1, 8, 60, 1, 1, 32, 128, 0, 8933403, 8933403, 5348761, 1993712, 3342581, 59.874, 22.317, 37.417,0.754236,0,62,24,
Conv1, 128, 64, 5, 5, 256, 128, 1, 1, 7, 60, 1, 1, 32, 128, 0, 8929583, 8929583, 5347939, 2056926, 3324889, 59.890, 23.035, 37.235,0.796674,0,63,24,
Conv1, 128, 64, 5, 5, 256, 128, 1, 1, 6, 60, 1, 1, 32, 128, 0, 8982433, 8982433, 5347790, 2151747, 3321408, 59.536, 23.955, 36.977,0.209537,0,64,24,
Conv1, 128, 64, 5, 5, 256, 128, 1, 1, 5, 60, 1, 1, 32, 128, 0, 9052883, 9052883, 5347634, 2278175, 3322128, 59.071, 25.165, 36.697,-0.005731,0,65,24,
Conv1, 128, 64, 5, 5, 256, 128, 1, 1, 4, 60, 1, 1, 32, 128, 0, 9154583, 9154583, 5345178, 2467817, 3328332, 58.388, 26.957, 36.357,-0.017030,0,66,24,
Conv1, 128, 64, 5, 5, 256, 128, 1, 1, 4, 60, 1, 1, 32, 128, 0, 9154583, 9154583, 5345178, 2467817, 3328332, 58.388, 26.957, 36.357,-0.017030,0,67,24,
Conv1, 128, 64, 5, 5, 256, 128, 1, 1, 3, 60, 1, 1, 32, 128, 0, 9315933, 9315933, 5340662, 2815494, 3323021, 57.328, 30.222, 35.670,-0.034955,0,68,24,
Conv1, 128, 64, 5, 5, 256, 128, 1, 1, 2, 60, 1, 1, 32, 128, 0, 9585293, 9585293, 5335244, 3447634, 3316963, 55.661, 35.968, 34.605,-0.064879,0,69,24,
Conv1, 128, 64, 5, 5, 256, 128, 1, 1, 3, 60, 1, 1, 32, 128, 0, 9315933, 9315933, 5340662, 2815494, 3323021, 57.328, 30.222, 35.670,-0.034955,0,70,24,
Conv1, 128, 64, 5, 5, 256, 128, 1, 1, 3, 60, 1, 1, 32, 128, 0, 9315933, 9315933, 5340662, 2815494, 3323021, 57.328, 30.222, 35.670,-0.034955,0,71,24,
Conv1, 128, 64, 5, 5, 256, 128, 1, 1, 2, 60, 1, 1, 32, 128, 0, 9585293, 9585293, 5335244, 3447634, 3316963, 55.661, 35.968, 34.605,-0.064879,0,72,24,
Conv1, 128, 64, 5, 5, 256, 128, 1, 1, 2, 60, 1, 1, 32, 128, 0, 9585293, 9585293, 5335244, 3447634, 3316963, 55.661, 35.968, 34.605,-0.064879,0,73,24,
Conv1, 128, 64, 5, 5, 256, 128, 1, 1, 2, 60, 1, 1, 32, 128, 0, 9585293, 9585293, 5335244, 3447634, 3316963, 55.661, 35.968, 34.605,-0.064879,0,74,24,
Conv1, 128, 64, 5, 5, 256, 128, 1, 1, 1, 60, 1, 1, 32, 128, 0, 10521063, 10521063, 5327389, 5407268, 3333289, 50.635, 51.395, 31.682,-0.168839,0,75,24,
Conv1, 128, 64, 5, 5, 256, 128, 1, 1, 1, 60, 1, 1, 32, 128, 0, 10521063, 10521063, 5327389, 5407268, 3333289, 50.635, 51.395, 31.682,-0.168839,0,76,24,
Conv1, 128, 64, 5, 5, 256, 128, 1, 1, 1, 60, 1, 1, 32, 128, 0, 10521063, 10521063, 5327389, 5407268, 3333289, 50.635, 51.395, 31.682,-0.168839,0,77,24,
Conv1, 128, 64, 5, 5, 256, 128, 1, 1, 1, 60, 1, 1, 32, 128, 0, 10521063, 10521063, 5327389, 5407268, 3333289, 50.635, 51.395, 31.682,-0.168839,0,78,24,
Conv1, 128, 64, 5, 5, 256, 128, 1, 1, 1, 60, 1, 1, 32, 128, 0, 10521063, 10521063, 5327389, 5407268, 3333289, 50.635, 51.395, 31.682,-0.168839,0,79,24,
Conv1, 128, 64, 5, 5, 256, 128, 1, 1, 1, 60, 1, 1, 32, 128, 0, 10521063, 10521063, 5327389, 5407268, 3333289, 50.635, 51.395, 31.682,-0.168839,0,80,24,
Conv1, 128, 64, 5, 5, 256, 128, 1, 1, 1, 60, 1, 1, 32, 128, 0, 10521063, 10521063, 5327389, 5407268, 3333289, 50.635, 51.395, 31.682,-0.168839,0,81,24,
Conv1, 128, 64, 5, 5, 256, 128, 1, 1, 1, 60, 1, 1, 32, 128, 0, 10521063, 10521063, 5327389, 5407268, 3333289, 50.635, 51.395, 31.682,-0.168839,0,82,24,
Conv1, 128, 64, 5, 5, 256, 128, 1, 1, 1, 60, 1, 1, 32, 128, 0, 10521063, 10521063, 5327389, 5407268, 3333289, 50.635, 51.395, 31.682,-0.168839,0,83,24,
Conv1, 128, 64, 5, 5, 256, 128, 1, 1, 2, 60, 1, 1, 32, 128, 0, 9585293, 9585293, 5335244, 3447634, 3316963, 55.661, 35.968, 34.605,-0.064879,0,84,24,
Conv1, 128, 64, 5, 5, 256, 128, 1, 1, 1, 59, 1, 1, 32, 128, 0, 13746438, 13746438, 5310330, 9326536, 3341081, 38.631, 67.847, 24.305,-0.527162,0,85,24,
Conv1, 128, 64, 5, 5, 256, 128, 1, 1, 1, 59, 1, 1, 32, 128, 0, 13746438, 13746438, 5310330, 9326536, 3341081, 38.631, 67.847, 24.305,-0.527162,0,86,24,
Conv1, 128, 64, 5, 5, 256, 128, 1, 1, 1, 59, 1, 1, 32, 128, 0, 13746438, 13746438, 5310330, 9326536, 3341081, 38.631, 67.847, 24.305,-0.527162,0,87,24,
Conv1, 128, 64, 5, 5, 256, 128, 1, 1, 1, 60, 1, 1, 32, 128, 0, 10521063, 10521063, 5327389, 5407268, 3333289, 50.635, 51.395, 31.682,-0.168839,0,88,24,
Conv1, 128, 64, 5, 5, 256, 128, 1, 1, 1, 60, 1, 1, 32, 128, 0, 10521063, 10521063, 5327389, 5407268, 3333289, 50.635, 51.395, 31.682,-0.168839,0,89,24,
Conv1, 128, 64, 5, 5, 256, 128, 1, 1, 1, 60, 1, 1, 32, 128, 0, 10521063, 10521063, 5327389, 5407268, 3333289, 50.635, 51.395, 31.682,-0.168839,0,90,24,
Conv1, 128, 64, 5, 5, 256, 128, 1, 1, 2, 60, 1, 1, 32, 128, 0, 9585293, 9585293, 5335244, 3447634, 3316963, 55.661, 35.968, 34.605,-0.064879,0,91,24,
Conv1, 128, 64, 5, 5, 256, 128, 1, 1, 1, 60, 1, 1, 32, 128, 0, 10521063, 10521063, 5327389, 5407268, 3333289, 50.635, 51.395, 31.682,-0.168839,0,92,24,
Conv1, 128, 64, 5, 5, 256, 128, 1, 1, 1, 60, 1, 1, 32, 128, 0, 10521063, 10521063, 5327389, 5407268, 3333289, 50.635, 51.395, 31.682,-0.168839,0,93,24,
Conv1, 128, 64, 5, 5, 256, 128, 1, 1, 1, 60, 1, 1, 32, 128, 0, 10521063, 10521063, 5327389, 5407268, 3333289, 50.635, 51.395, 31.682,-0.168839,0,94,24,
Conv1, 128, 64, 5, 5, 256, 128, 1, 1, 1, 60, 1, 1, 32, 128, 0, 10521063, 10521063, 5327389, 5407268, 3333289, 50.635, 51.395, 31.682,-0.168839,0,95,24,
Conv1, 128, 64, 5, 5, 256, 128, 1, 1, 1, 60, 1, 1, 32, 128, 0, 10521063, 10521063, 5327389, 5407268, 3333289, 50.635, 51.395, 31.682,-0.168839,0,96,24,
Conv1, 128, 64, 5, 5, 256, 128, 1, 1, 1, 60, 1, 1, 32, 128, 0, 10521063, 10521063, 5327389, 5407268, 3333289, 50.635, 51.395, 31.682,-0.168839,0,97,24,
Conv1, 128, 64, 5, 5, 256, 128, 1, 1, 1, 60, 1, 1, 32, 128, 0, 10521063, 10521063, 5327389, 5407268, 3333289, 50.635, 51.395, 31.682,-0.168839,0,98,24,
Conv1, 128, 64, 5, 5, 256, 128, 1, 1, 1, 60, 1, 1, 32, 128, 0, 10521063, 10521063, 5327389, 5407268, 3333289, 50.635, 51.395, 31.682,-0.168839,0,99,24,
Conv1, 128, 64, 5, 5, 256, 128, 1, 1, 17, 16, 1, 1, 32, 128, 0, 9206493, 9206493, 5345635, 2499424, 3341628, 58.064, 27.148, 36.296,-0.022797,1,0,24,
Conv1, 128, 64, 5, 5, 256, 128, 1, 1, 16, 16, 1, 1, 32, 128, 0, 9179213, 9179213, 5341867, 2499424, 3335172, 58.195, 27.229, 36.334,-0.019766,1,1,24,
Conv1, 128, 64, 5, 5, 256, 128, 1, 1, 17, 16, 1, 1, 32, 128, 0, 9206493, 9206493, 5345635, 2499424, 3341628, 58.064, 27.148, 36.296,-0.022797,1,2,24,
Conv1, 128, 64, 5, 5, 256, 128, 1, 1, 17, 16, 1, 1, 32, 128, 0, 9206493, 9206493, 5345635, 2499424, 3341628, 58.064, 27.148, 36.296,-0.022797,1,3,24,
Conv1, 128, 64, 5, 5, 256, 128, 1, 1, 16, 16, 1, 1, 32, 128, 0, 9179213, 9179213, 5341867, 2499424, 3335172, 58.195, 27.229, 36.334,-0.019766,1,4,24,
Conv1, 128, 64, 5, 5, 256, 128, 1, 1, 15, 17, 1, 1, 32, 128, 0, 9259223, 9259223, 5278385, 2625852, 3418180, 57.007, 28.359, 36.916,-0.028655,1,5,24,
Conv1, 128, 64, 5, 5, 256, 128, 1, 1, 14, 17, 1, 1, 32, 128, 0, 9258973, 9258973, 5281630, 2625852, 3426613, 57.043, 28.360, 37.009,-0.028627,1,6,24,
Conv1, 128, 64, 5, 5, 256, 128, 1, 1, 13, 18, 1, 1, 32, 128, 0, 9325523, 9325523, 5344500, 2752280, 3329883, 57.310, 29.513, 35.707,-0.036020,1,7,24,
Conv1, 128, 64, 5, 5, 256, 128, 1, 1, 13, 19, 1, 1, 32, 128, 0, 9419988, 9419988, 5270349, 2752280, 3443383, 55.949, 29.217, 36.554,-0.046515,1,8,24,
Conv1, 128, 64, 5, 5, 256, 128, 1, 1, 13, 19, 1, 1, 32, 128, 0, 9419988, 9419988, 5270349, 2752280, 3443383, 55.949, 29.217, 36.554,-0.046515,1,9,24,
Conv1, 128, 64, 5, 5, 256, 128, 1, 1, 12, 19, 1, 1, 32, 128, 0, 9469057, 9469057, 5271824, 2878708, 3442912, 55.674, 30.401, 36.360,-0.051966,1,10,24,
Conv1, 128, 64, 5, 5, 256, 128, 1, 1, 11, 19, 1, 1, 32, 128, 0, 9505873, 9505873, 5272148, 3005136, 3441052, 55.462, 31.613, 36.199,-0.056056,1,11,24,
Conv1, 128, 64, 5, 5, 256, 128, 1, 1, 10, 19, 1, 1, 32, 128, 0, 9553865, 9553865, 5276885, 3131564, 3441223, 55.233, 32.778, 36.019,-0.061388,1,12,24,
Conv1, 128, 64, 5, 5, 256, 128, 1, 1, 9, 20, 1, 1, 32, 128, 0, 9309353, 9309353, 5340347, 2815494, 3322951, 57.365, 30.244, 35.695,-0.034224,1,13,24,
Conv1, 128, 64, 5, 5, 256, 128, 1, 1, 9, 21, 1, 1, 32, 128, 0, 9355373, 9355373, 5292812, 2815494, 3415976, 56.575, 30.095, 36.514,-0.039336,1,14,24,
Conv1, 128, 64, 5, 5, 256, 128, 1, 1, 8, 21, 1, 1, 32, 128, 0, 9447933, 9447933, 5291390, 3005136, 3417942, 56.006, 31.807, 36.177,-0.049619,1,15,24,
Conv1, 128, 64, 5, 5, 256, 128, 1, 1, 7, 21, 1, 1, 32, 128, 0, 9525353, 9525353, 5287770, 3194778, 3418841, 55.513, 33.540, 35.892,-0.058220,1,16,24,
Conv1, 128, 64, 5, 5, 256, 128, 1, 1, 6, 22, 1, 1, 32, 128, 0, 9623743, 9623743, 5342187, 3479241, 3330800, 55.510, 36.153, 34.610,-0.069151,1,17,24,
Conv1, 128, 64, 5, 5, 256, 128, 1, 1, 7, 22, 1, 1, 32, 128, 0, 9484893, 9484893, 5335421, 3194778, 3328964, 56.252, 33.683, 35.098,-0.053725,1,18,24,
Conv1, 128, 64, 5, 5, 256, 128, 1, 1, 7, 22, 1, 1, 32, 128, 0, 9484893, 9484893, 5335421, 3194778, 3328964, 56.252, 33.683, 35.098,-0.053725,1,19,24,
Conv1, 128, 64, 5, 5, 256, 128, 1, 1, 6, 22, 1, 1, 32, 128, 0, 9623743, 9623743, 5342187, 3479241, 3330800, 55.510, 36.153, 34.610,-0.069151,1,20,24,
Conv1, 128, 64, 5, 5, 256, 128, 1, 1, 5, 22, 1, 1, 32, 128, 0, 9803873, 9803873, 5348251, 3858525, 3334177, 54.552, 39.357, 34.009,-0.089163,1,21,24,
Conv1, 128, 64, 5, 5, 256, 128, 1, 1, 4, 21, 1, 1, 32, 128, 0, 10079913, 10079913, 5285880, 4427451, 3415549, 52.440, 43.924, 33.885,-0.119829,1,22,24,
Conv1, 128, 64, 5, 5, 256, 128, 1, 1, 3, 21, 1, 1, 32, 128, 0, 10594513, 10594513, 5289502, 5470482, 3410221, 49.927, 51.635, 32.189,-0.176999,1,23,24,
Conv1, 128, 64, 5, 5, 256, 128, 1, 1, 3, 21, 1, 1, 32, 128, 0, 10594513, 10594513, 5289502, 5470482, 3410221, 49.927, 51.635, 32.189,-0.176999,1,24,24,
Conv1, 128, 64, 5, 5, 256, 128, 1, 1, 2, 21, 1, 1, 32, 128, 0, 11644093, 11644093, 5271395, 7366902, 3387431, 45.271, 63.267, 29.091,-0.293602,1,25,24,
Conv1, 128, 64, 5, 5, 256, 128, 1, 1, 2, 20, 1, 1, 32, 128, 0, 11665233, 11665233, 5329298, 7366902, 3345883, 45.685, 63.153, 28.683,-0.295951,1,26,24,
Conv1, 128, 64, 5, 5, 256, 128, 1, 1, 1, 21, 1, 1, 32, 128, 0, 17321751, 17321751, 5299932, 13245804, 3342005, 30.597, 76.469, 19.294,-0.924362,1,27,24,
Conv1, 128, 64, 5, 5, 256, 128, 1, 1, 1, 21, 1, 1, 32, 128, 0, 17321751, 17321751, 5299932, 13245804, 3342005, 30.597, 76.469, 19.294,-0.924362,1,28,24,
Conv1, 128, 64, 5, 5, 256, 128, 1, 1, 1, 22, 1, 1, 32, 128, 0, 17360524, 17360524, 5326587, 13245804, 3352067, 30.682, 76.298, 19.309,-0.928670,1,29,24,
Conv1, 128, 64, 5, 5, 256, 128, 1, 1, 1, 23, 1, 1, 32, 128, 0, 17362273, 17362273, 5330791, 13245804, 3349667, 30.703, 76.291, 19.293,-0.928864,1,30,24,
Conv1, 128, 64, 5, 5, 256, 128, 1, 1, 1, 24, 1, 1, 32, 128, 0, 17337254, 17337254, 5308248, 13245804, 3358781, 30.618, 76.401, 19.373,-0.926085,1,31,24,
Conv1, 128, 64, 5, 5, 256, 128, 1, 1, 1, 24, 1, 1, 32, 128, 0, 17337254, 17337254, 5308248, 13245804, 3358781, 30.618, 76.401, 19.373,-0.926085,1,32,24,
Conv1, 128, 64, 5, 5, 256, 128, 1, 1, 1, 23, 1, 1, 32, 128, 0, 17362273, 17362273, 5330791, 13245804, 3349667, 30.703, 76.291, 19.293,-0.928864,1,33,24,
Conv1, 128, 64, 5, 5, 256, 128, 1, 1, 1, 23, 1, 1, 32, 128, 0, 17362273, 17362273, 5330791, 13245804, 3349667, 30.703, 76.291, 19.293,-0.928864,1,34,24,
Conv1, 128, 64, 5, 5, 256, 128, 1, 1, 2, 23, 1, 1, 32, 128, 0, 11642863, 11642863, 5263510, 7366902, 3393772, 45.208, 63.274, 29.149,-0.293465,1,35,24,
Conv1, 128, 64, 5, 5, 256, 128, 1, 1, 3, 24, 1, 1, 32, 128, 0, 10566614, 10566614, 5323882, 5470482, 3339327, 50.384, 51.771, 31.603,-0.173899,1,36,24,
Conv1, 128, 64, 5, 5, 256, 128, 1, 1, 2, 25, 1, 1, 32, 128, 0, 11672473, 11672473, 5290176, 7366902, 3399886, 45.322, 63.113, 29.127,-0.296755,1,37,24,
Conv1, 128, 64, 5, 5, 256, 128, 1, 1, 2, 25, 1, 1, 32, 128, 0, 11672473, 11672473, 5290176, 7366902, 3399886, 45.322, 63.113, 29.127,-0.296755,1,38,24,
Conv1, 128, 64, 5, 5, 256, 128, 1, 1, 3, 26, 1, 1, 32, 128, 0, 10593015, 10593015, 5337346, 5470482, 3340380, 50.386, 51.642, 31.534,-0.176832,1,39,24,
Conv1, 128, 64, 5, 5, 256, 128, 1, 1, 4, 27, 1, 1, 32, 128, 0, 10062226, 10062226, 5271504, 4427451, 3408298, 52.389, 44.001, 33.872,-0.117864,1,40,24,
Conv1, 128, 64, 5, 5, 256, 128, 1, 1, 4, 27, 1, 1, 32, 128, 0, 10062226, 10062226, 5271504, 4427451, 3408298, 52.389, 44.001, 33.872,-0.117864,1,41,24,
Conv1, 128, 64, 5, 5, 256, 128, 1, 1, 3, 27, 1, 1, 32, 128, 0, 10569149, 10569149, 5270917, 5470482, 3395474, 49.871, 51.759, 32.126,-0.174181,1,42,24,
Conv1, 128, 64, 5, 5, 256, 128, 1, 1, 4, 27, 1, 1, 32, 128, 0, 10062226, 10062226, 5271504, 4427451, 3408298, 52.389, 44.001, 33.872,-0.117864,1,43,24,
Conv1, 128, 64, 5, 5, 256, 128, 1, 1, 3, 27, 1, 1, 32, 128, 0, 10569149, 10569149, 5270917, 5470482, 3395474, 49.871, 51.759, 32.126,-0.174181,1,44,24,
Conv1, 128, 64, 5, 5, 256, 128, 1, 1, 4, 27, 1, 1, 32, 128, 0, 10062226, 10062226, 5271504, 4427451, 3408298, 52.389, 44.001, 33.872,-0.117864,1,45,24,
Conv1, 128, 64, 5, 5, 256, 128, 1, 1, 3, 27, 1, 1, 32, 128, 0, 10569149, 10569149, 5270917, 5470482, 3395474, 49.871, 51.759, 32.126,-0.174181,1,46,24,
Conv1, 128, 64, 5, 5, 256, 128, 1, 1, 3, 28, 1, 1, 32, 128, 0, 10596583, 10596583, 5325942, 5470482, 3339882, 50.261, 51.625, 31.518,-0.177229,1,47,24,
Conv1, 128, 64, 5, 5, 256, 128, 1, 1, 2, 28, 1, 1, 32, 128, 0, 12038194, 12038194, 5328432, 7366902, 3329248, 44.263, 61.196, 27.656,-0.337385,1,48,24,
Conv1, 128, 64, 5, 5, 256, 128, 1, 1, 1, 28, 1, 1, 32, 128, 0, 17306146, 17306146, 5280846, 13245804, 3341484, 30.514, 76.538, 19.308,-0.922629,1,49,24,
Conv1, 128, 64, 5, 5, 256, 128, 1, 1, 1, 29, 1, 1, 32, 128, 0, 17328341, 17328341, 5300137, 13245804, 3344964, 30.587, 76.440, 19.303,-0.925094,1,50,24,
Conv1, 128, 64, 5, 5, 256, 128, 1, 1, 1, 30, 1, 1, 32, 128, 0, 13759793, 13759793, 5336302, 9326536, 3325185, 38.782, 67.781, 24.166,-0.528646,1,51,24,
Conv1, 128, 64, 5, 5, 256, 128, 1, 1, 1, 31, 1, 1, 32, 128, 0, 13710308, 13710308, 5272178, 9326536, 3344832, 38.454, 68.026, 24.396,-0.523149,1,52,24,
Conv1, 128, 64, 5, 5, 256, 128, 1, 1, 1, 31, 1, 1, 32, 128, 0, 13710308, 13710308, 5272178, 9326536, 3344832, 38.454, 68.026, 24.396,-0.523149,1,53,24,
Conv1, 128, 64, 5, 5, 256, 128, 1, 1, 1, 31, 1, 1, 32, 128, 0, 13710308, 13710308, 5272178, 9326536, 3344832, 38.454, 68.026, 24.396,-0.523149,1,54,24,
Conv1, 128, 64, 5, 5, 256, 128, 1, 1, 1, 32, 1, 1, 32, 128, 0, 13731323, 13731323, 5287710, 9326536, 3352990, 38.508, 67.922, 24.419,-0.525483,1,55,24,
Conv1, 128, 64, 5, 5, 256, 128, 1, 1, 1, 32, 1, 1, 32, 128, 0, 13731323, 13731323, 5287710, 9326536, 3352990, 38.508, 67.922, 24.419,-0.525483,1,56,24,
Conv1, 128, 64, 5, 5, 256, 128, 1, 1, 1, 32, 1, 1, 32, 128, 0, 13731323, 13731323, 5287710, 9326536, 3352990, 38.508, 67.922, 24.419,-0.525483,1,57,24,
Conv1, 128, 64, 5, 5, 256, 128, 1, 1, 1, 32, 1, 1, 32, 128, 0, 13731323, 13731323, 5287710, 9326536, 3352990, 38.508, 67.922, 24.419,-0.525483,1,58,24,
Conv1, 128, 64, 5, 5, 256, 128, 1, 1, 2, 33, 1, 1, 32, 128, 0, 10525033, 10525033, 5291200, 5407268, 3374096, 50.273, 51.375, 32.058,-0.169280,1,59,24,
Conv1, 128, 64, 5, 5, 256, 128, 1, 1, 2, 33, 1, 1, 32, 128, 0, 10525033, 10525033, 5291200, 5407268, 3374096, 50.273, 51.375, 32.058,-0.169280,1,60,24,
Conv1, 128, 64, 5, 5, 256, 128, 1, 1, 1, 33, 1, 1, 32, 128, 0, 13719395, 13719395, 5282251, 9326536, 3346139, 38.502, 67.981, 24.390,-0.524158,1,61,24,
Conv1, 128, 64, 5, 5, 256, 128, 1, 1, 1, 33, 1, 1, 32, 128, 0, 13719395, 13719395, 5282251, 9326536, 3346139, 38.502, 67.981, 24.390,-0.524158,1,62,24,
Conv1, 128, 64, 5, 5, 256, 128, 1, 1, 1, 34, 1, 1, 32, 128, 0, 13711655, 13711655, 5284891, 9326536, 3331950, 38.543, 68.019, 24.300,-0.523298,1,63,24,
Conv1, 128, 64, 5, 5, 256, 128, 1, 1, 2, 34, 1, 1, 32, 128, 0, 10529873, 10529873, 5337701, 5407268, 3331484, 50.691, 51.352, 31.638,-0.169818,1,64,24,
Conv1, 128, 64, 5, 5, 256, 128, 1, 1, 1, 34, 1, 1, 32, 128, 0, 13711655, 13711655, 5284891, 9326536, 3331950, 38.543, 68.019, 24.300,-0.523298,1,65,24,
Conv1, 128, 64, 5, 5, 256, 128, 1, 1, 1, 35, 1, 1, 32, 128, 0, 13765778, 13765778, 5331002, 9326536, 3337721, 38.726, 67.752, 24.247,-0.529311,1,66,24,
Conv1, 128, 64, 5, 5, 256, 128, 1, 1, 1, 35, 1, 1, 32, 128, 0, 13765778, 13765778, 5331002, 9326536, 3337721, 38.726, 67.752, 24.247,-0.529311,1,67,24,
Conv1, 128, 64, 5, 5, 256, 128, 1, 1, 1, 35, 1, 1, 32, 128, 0, 13765778, 13765778, 5331002, 9326536, 3337721, 38.726, 67.752, 24.247,-0.529311,1,68,24,
Conv1, 128, 64, 5, 5, 256, 128, 1, 1, 1, 35, 1, 1, 32, 128, 0, 13765778, 13765778, 5331002, 9326536, 3337721, 38.726, 67.752, 24.247,-0.529311,1,69,24,
Conv1, 128, 64, 5, 5, 256, 128, 1, 1, 1, 35, 1, 1, 32, 128, 0, 13765778, 13765778, 5331002, 9326536, 3337721, 38.726, 67.752, 24.247,-0.529311,1,70,24,
Conv1, 128, 64, 5, 5, 256, 128, 1, 1, 1, 35, 1, 1, 32, 128, 0, 13765778, 13765778, 5331002, 9326536, 3337721, 38.726, 67.752, 24.247,-0.529311,1,71,24,
Conv1, 128, 64, 5, 5, 256, 128, 1, 1, 1, 35, 1, 1, 32, 128, 0, 13765778, 13765778, 5331002, 9326536, 3337721, 38.726, 67.752, 24.247,-0.529311,1,72,24,
Conv1, 128, 64, 5, 5, 256, 128, 1, 1, 1, 35, 1, 1, 32, 128, 0, 13765778, 13765778, 5331002, 9326536, 3337721, 38.726, 67.752, 24.247,-0.529311,1,73,24,
Conv1, 128, 64, 5, 5, 256, 128, 1, 1, 1, 34, 1, 1, 32, 128, 0, 13711655, 13711655, 5284891, 9326536, 3331950, 38.543, 68.019, 24.300,-0.523298,1,74,24,
Conv1, 128, 64, 5, 5, 256, 128, 1, 1, 1, 35, 1, 1, 32, 128, 0, 13765778, 13765778, 5331002, 9326536, 3337721, 38.726, 67.752, 24.247,-0.529311,1,75,24,
Conv1, 128, 64, 5, 5, 256, 128, 1, 1, 1, 35, 1, 1, 32, 128, 0, 13765778, 13765778, 5331002, 9326536, 3337721, 38.726, 67.752, 24.247,-0.529311,1,76,24,
Conv1, 128, 64, 5, 5, 256, 128, 1, 1, 1, 36, 1, 1, 32, 128, 0, 13673783, 13673783, 5286643, 9326536, 3348837, 38.663, 68.207, 24.491,-0.519091,1,77,24,
Conv1, 128, 64, 5, 5, 256, 128, 1, 1, 1, 35, 1, 1, 32, 128, 0, 13765778, 13765778, 5331002, 9326536, 3337721, 38.726, 67.752, 24.247,-0.529311,1,78,24,
Conv1, 128, 64, 5, 5, 256, 128, 1, 1, 1, 35, 1, 1, 32, 128, 0, 13765778, 13765778, 5331002, 9326536, 3337721, 38.726, 67.752, 24.247,-0.529311,1,79,24,
Conv1, 128, 64, 5, 5, 256, 128, 1, 1, 1, 35, 1, 1, 32, 128, 0, 13765778, 13765778, 5331002, 9326536, 3337721, 38.726, 67.752, 24.247,-0.529311,1,80,24,
Conv1, 128, 64, 5, 5, 256, 128, 1, 1, 1, 36, 1, 1, 32, 128, 0, 13673783, 13673783, 5286643, 9326536, 3348837, 38.663, 68.207, 24.491,-0.519091,1,81,24,
Conv1, 128, 64, 5, 5, 256, 128, 1, 1, 1, 37, 1, 1, 32, 128, 0, 13472228, 13472228, 5309879, 9326536, 3350730, 39.414, 69.228, 24.871,-0.496699,1,82,24,
Conv1, 128, 64, 5, 5, 256, 128, 1, 1, 1, 38, 1, 1, 32, 128, 0, 13493015, 13493015, 5303314, 9326536, 3354288, 39.304, 69.121, 24.859,-0.499008,1,83,24,
Conv1, 128, 64, 5, 5, 256, 128, 1, 1, 2, 38, 1, 1, 32, 128, 0, 10538323, 10538323, 5341528, 5407268, 3336880, 50.687, 51.311, 31.664,-0.170756,1,84,24,
Conv1, 128, 64, 5, 5, 256, 128, 1, 1, 1, 39, 1, 1, 32, 128, 0, 13443518, 13443518, 5356154, 9326536, 3362616, 39.842, 69.376, 25.013,-0.493509,1,85,24,
Conv1, 128, 64, 5, 5, 256, 128, 1, 1, 1, 39, 1, 1, 32, 128, 0, 13443518, 13443518, 5356154, 9326536, 3362616, 39.842, 69.376, 25.013,-0.493509,1,86,24,
Conv1, 128, 64, 5, 5, 256, 128, 1, 1, 1, 39, 1, 1, 32, 128, 0, 13443518, 13443518, 5356154, 9326536, 3362616, 39.842, 69.376, 25.013,-0.493509,1,87,24,
Conv1, 128, 64, 5, 5, 256, 128, 1, 1, 2, 39, 1, 1, 32, 128, 0, 10515593, 10515593, 5275528, 5407268, 3380240, 50.169, 51.421, 32.145,-0.168231,1,88,24,
Conv1, 128, 64, 5, 5, 256, 128, 1, 1, 1, 39, 1, 1, 32, 128, 0, 13443518, 13443518, 5356154, 9326536, 3362616, 39.842, 69.376, 25.013,-0.493509,1,89,24,
Conv1, 128, 64, 5, 5, 256, 128, 1, 1, 1, 38, 1, 1, 32, 128, 0, 13493015, 13493015, 5303314, 9326536, 3354288, 39.304, 69.121, 24.859,-0.499008,1,90,24,
Conv1, 128, 64, 5, 5, 256, 128, 1, 1, 1, 38, 1, 1, 32, 128, 0, 13493015, 13493015, 5303314, 9326536, 3354288, 39.304, 69.121, 24.859,-0.499008,1,91,24,
Conv1, 128, 64, 5, 5, 256, 128, 1, 1, 1, 38, 1, 1, 32, 128, 0, 13493015, 13493015, 5303314, 9326536, 3354288, 39.304, 69.121, 24.859,-0.499008,1,92,24,
Conv1, 128, 64, 5, 5, 256, 128, 1, 1, 1, 39, 1, 1, 32, 128, 0, 13443518, 13443518, 5356154, 9326536, 3362616, 39.842, 69.376, 25.013,-0.493509,1,93,24,
Conv1, 128, 64, 5, 5, 256, 128, 1, 1, 1, 38, 1, 1, 32, 128, 0, 13493015, 13493015, 5303314, 9326536, 3354288, 39.304, 69.121, 24.859,-0.499008,1,94,24,
Conv1, 128, 64, 5, 5, 256, 128, 1, 1, 1, 39, 1, 1, 32, 128, 0, 13443518, 13443518, 5356154, 9326536, 3362616, 39.842, 69.376, 25.013,-0.493509,1,95,24,
Conv1, 128, 64, 5, 5, 256, 128, 1, 1, 1, 39, 1, 1, 32, 128, 0, 13443518, 13443518, 5356154, 9326536, 3362616, 39.842, 69.376, 25.013,-0.493509,1,96,24,
Conv1, 128, 64, 5, 5, 256, 128, 1, 1, 1, 39, 1, 1, 32, 128, 0, 13443518, 13443518, 5356154, 9326536, 3362616, 39.842, 69.376, 25.013,-0.493509,1,97,24,
Conv1, 128, 64, 5, 5, 256, 128, 1, 1, 1, 39, 1, 1, 32, 128, 0, 13443518, 13443518, 5356154, 9326536, 3362616, 39.842, 69.376, 25.013,-0.493509,1,98,24,
Conv1, 128, 64, 5, 5, 256, 128, 1, 1, 2, 40, 1, 1, 32, 128, 0, 10523773, 10523773, 5324603, 5407268, 3339249, 50.596, 51.381, 31.731,-0.169140,1,99,24,
Conv1, 128, 64, 5, 5, 256, 128, 1, 1, 42.000, 53.000, 1, 1, 32, 128, 0, 0, 0, 0, 0, 0, 0.000, 0.000, 0.000, -4.345703, 2, 0, 25,
 Conv1, 128, 64, 5, 5, 256, 128, 1, 1, 41.000, 53.000, 1, 1, 32, 128, 0, 0, 0, 0, 0, 0, 0.000, 0.000, 0.000, -3.051758, 2, 1, 26,
 Conv1, 128, 64, 5, 5, 256, 128, 1, 1, 40.000, 54.000, 1, 1, 32, 128, 0, 0, 0, 0, 0, 0, 0.000, 0.000, 0.000, -2.734375, 2, 2, 27,
 Conv1, 128, 64, 5, 5, 256, 128, 1, 1, 40.000, 54.000, 1, 1, 32, 128, 0, 0, 0, 0, 0, 0, 0.000, 0.000, 0.000, -2.734375, 2, 3, 28,
 Conv1, 128, 64, 5, 5, 256, 128, 1, 1, 39.000, 54.000, 1, 1, 32, 128, 0, 0, 0, 0, 0, 0, 0.000, 0.000, 0.000, -1.416016, 2, 4, 29,
 Conv1, 128, 64, 5, 5, 256, 128, 1, 1, 38.000, 54.000, 1, 1, 32, 128, 0, 0, 0, 0, 0, 0, 0.000, 0.000, 0.000, -0.097656, 2, 5, 30,
 Conv1, 128, 64, 5, 5, 256, 128, 1, 1, 37, 54, 1, 1, 32, 128, 0, 9559153, 9559153, 5349170, 1740856, 3381515, 55.959, 18.211, 35.375,-0.061975,2,6,30,
Conv1, 128, 64, 5, 5, 256, 128, 1, 1, 36, 55, 1, 1, 32, 128, 0, 9596083, 9596083, 5294374, 1740856, 3427033, 55.172, 18.141, 35.713,-0.066078,2,7,30,
Conv1, 128, 64, 5, 5, 256, 128, 1, 1, 35, 55, 1, 1, 32, 128, 0, 9567018, 9567018, 5295141, 1740856, 3416919, 55.348, 18.196, 35.716,-0.062849,2,8,30,
Conv1, 128, 64, 5, 5, 256, 128, 1, 1, 34, 55, 1, 1, 32, 128, 0, 9448093, 9448093, 5294979, 1740856, 3407629, 56.043, 18.425, 36.067,-0.049637,2,9,30,
Conv1, 128, 64, 5, 5, 256, 128, 1, 1, 33, 56, 1, 1, 32, 128, 0, 9477413, 9477413, 5347662, 1740856, 3345827, 56.425, 18.368, 35.303,-0.052895,2,10,30,
Conv1, 128, 64, 5, 5, 256, 128, 1, 1, 32, 57, 1, 1, 32, 128, 0, 9505793, 9505793, 5297349, 1740856, 3388469, 55.728, 18.314, 35.646,-0.056047,2,11,30,
Conv1, 128, 64, 5, 5, 256, 128, 1, 1, 31, 57, 1, 1, 32, 128, 0, 9504859, 9504859, 5298650, 1740856, 3378185, 55.747, 18.315, 35.542,-0.055944,2,12,30,
Conv1, 128, 64, 5, 5, 256, 128, 1, 1, 30, 57, 1, 1, 32, 128, 0, 9531143, 9531143, 5298372, 1804070, 3374843, 55.590, 18.928, 35.409,-0.058864,2,13,30,
Conv1, 128, 64, 5, 5, 256, 128, 1, 1, 30, 58, 1, 1, 32, 128, 0, 9558624, 9558624, 5347711, 1804070, 3322015, 55.946, 18.874, 34.754,-0.061917,2,14,30,
Conv1, 128, 64, 5, 5, 256, 128, 1, 1, 29, 58, 1, 1, 32, 128, 0, 9667354, 9667354, 5348730, 1804070, 3409053, 55.328, 18.661, 35.264,-0.073996,2,15,30,
Conv1, 128, 64, 5, 5, 256, 128, 1, 1, 28, 58, 1, 1, 32, 128, 0, 9668153, 9668153, 5348554, 1804070, 3395684, 55.321, 18.660, 35.122,-0.074085,2,16,30,
Conv1, 128, 64, 5, 5, 256, 128, 1, 1, 27, 59, 1, 1, 32, 128, 0, 9708283, 9708283, 5302018, 1804070, 3436141, 54.613, 18.583, 35.394,-0.078543,2,17,30,
Conv1, 128, 64, 5, 5, 256, 128, 1, 1, 28, 59, 1, 1, 32, 128, 0, 9707154, 9707154, 5301311, 1804070, 3449971, 54.612, 18.585, 35.540,-0.078418,2,18,30,
Conv1, 128, 64, 5, 5, 256, 128, 1, 1, 27, 59, 1, 1, 32, 128, 0, 9708283, 9708283, 5302018, 1804070, 3436141, 54.613, 18.583, 35.394,-0.078543,2,19,30,
Conv1, 128, 64, 5, 5, 256, 128, 1, 1, 27, 59, 1, 1, 32, 128, 0, 9708283, 9708283, 5302018, 1804070, 3436141, 54.613, 18.583, 35.394,-0.078543,2,20,30,
Conv1, 128, 64, 5, 5, 256, 128, 1, 1, 27, 58, 1, 1, 32, 128, 0, 9669143, 9669143, 5349989, 1804070, 3381166, 55.331, 18.658, 34.969,-0.074195,2,21,30,
Conv1, 128, 64, 5, 5, 256, 128, 1, 1, 26, 59, 1, 1, 32, 128, 0, 9709354, 9709354, 5301876, 1804070, 3422649, 54.606, 18.581, 35.251,-0.078662,2,22,30,
Conv1, 128, 64, 5, 5, 256, 128, 1, 1, 26, 60, 1, 1, 32, 128, 0, 8870633, 8870633, 5350135, 1646035, 3370128, 60.313, 18.556, 37.992,1.451580,2,23,30,
Conv1, 128, 64, 5, 5, 256, 128, 1, 1, 26, 60, 1, 1, 32, 128, 0, 8870633, 8870633, 5350135, 1646035, 3370128, 60.313, 18.556, 37.992,1.451580,2,24,30,
Conv1, 128, 64, 5, 5, 256, 128, 1, 1, 25, 60, 1, 1, 32, 128, 0, 8773543, 8773543, 5350303, 1646035, 3355863, 60.982, 18.761, 38.250,2.530203,2,25,30,
Conv1, 128, 64, 5, 5, 256, 128, 1, 1, 26, 60, 1, 1, 32, 128, 0, 8870633, 8870633, 5350135, 1646035, 3370128, 60.313, 18.556, 37.992,1.451580,2,26,30,
Conv1, 128, 64, 5, 5, 256, 128, 1, 1, 25, 60, 1, 1, 32, 128, 0, 8773543, 8773543, 5350303, 1646035, 3355863, 60.982, 18.761, 38.250,2.530203,2,27,30,
Conv1, 128, 64, 5, 5, 256, 128, 1, 1, 24, 60, 1, 1, 32, 128, 0, 8752793, 8752793, 5349901, 1677642, 3341807, 61.122, 19.167, 38.180,2.760725,2,28,30,
Conv1, 128, 64, 5, 5, 256, 128, 1, 1, 23, 60, 1, 1, 32, 128, 0, 8739183, 8739183, 5350054, 1677642, 3327740, 61.219, 19.197, 38.078,2.911926,2,29,30,
Conv1, 128, 64, 5, 5, 256, 128, 1, 1, 24, 60, 1, 1, 32, 128, 0, 8752793, 8752793, 5349901, 1677642, 3341807, 61.122, 19.167, 38.180,2.760725,2,30,30,
Conv1, 128, 64, 5, 5, 256, 128, 1, 1, 23, 60, 1, 1, 32, 128, 0, 8739183, 8739183, 5350054, 1677642, 3327740, 61.219, 19.197, 38.078,2.911926,2,31,30,
Conv1, 128, 64, 5, 5, 256, 128, 1, 1, 22, 60, 1, 1, 32, 128, 0, 8910733, 8910733, 5349947, 1677642, 3390476, 60.039, 18.827, 38.049,1.006089,2,32,30,
Conv1, 128, 64, 5, 5, 256, 128, 1, 1, 21, 59, 1, 1, 32, 128, 0, 9677345, 9677345, 5303095, 1867284, 3424529, 54.799, 19.295, 35.387,-0.075106,2,33,30,
Conv1, 128, 64, 5, 5, 256, 128, 1, 1, 20, 60, 1, 1, 32, 128, 0, 8779943, 8779943, 5350229, 1709249, 3354809, 60.937, 19.468, 38.210,2.459102,2,34,30,
Conv1, 128, 64, 5, 5, 256, 128, 1, 1, 19, 60, 1, 1, 32, 128, 0, 8765173, 8765173, 5350630, 1709249, 3338545, 61.044, 19.500, 38.089,2.623190,2,35,30,
Conv1, 128, 64, 5, 5, 256, 128, 1, 1, 19, 59, 1, 1, 32, 128, 0, 9626514, 9626514, 5302111, 1930498, 3391134, 55.078, 20.054, 35.227,-0.069459,2,36,30,
Conv1, 128, 64, 5, 5, 256, 128, 1, 1, 18, 59, 1, 1, 32, 128, 0, 9626264, 9626264, 5303988, 1930498, 3374174, 55.099, 20.054, 35.052,-0.069431,2,37,30,
Conv1, 128, 64, 5, 5, 256, 128, 1, 1, 17, 58, 1, 1, 32, 128, 0, 9637393, 9637393, 5345573, 1993712, 3362265, 55.467, 20.687, 34.888,-0.070668,2,38,30,
Conv1, 128, 64, 5, 5, 256, 128, 1, 1, 17, 58, 1, 1, 32, 128, 0, 9637393, 9637393, 5345573, 1993712, 3362265, 55.467, 20.687, 34.888,-0.070668,2,39,30,
Conv1, 128, 64, 5, 5, 256, 128, 1, 1, 16, 58, 1, 1, 32, 128, 0, 9609945, 9609945, 5348430, 1993712, 3342802, 55.655, 20.746, 34.785,-0.067618,2,40,30,
Conv1, 128, 64, 5, 5, 256, 128, 1, 1, 15, 58, 1, 1, 32, 128, 0, 9599074, 9599074, 5345304, 2056926, 3322535, 55.686, 21.428, 34.613,-0.066410,2,41,30,
Conv1, 128, 64, 5, 5, 256, 128, 1, 1, 15, 58, 1, 1, 32, 128, 0, 9599074, 9599074, 5345304, 2056926, 3322535, 55.686, 21.428, 34.613,-0.066410,2,42,30,
Conv1, 128, 64, 5, 5, 256, 128, 1, 1, 14, 58, 1, 1, 32, 128, 0, 9628853, 9628853, 5346592, 2056926, 3350642, 55.527, 21.362, 34.798,-0.069719,2,43,30,
Conv1, 128, 64, 5, 5, 256, 128, 1, 1, 13, 58, 1, 1, 32, 128, 0, 9631023, 9631023, 5347503, 2120140, 3325488, 55.524, 22.014, 34.529,-0.069960,2,44,30,
Conv1, 128, 64, 5, 5, 256, 128, 1, 1, 12, 58, 1, 1, 32, 128, 0, 9675253, 9675253, 5346170, 2183354, 3344453, 55.256, 22.566, 34.567,-0.074874,2,45,30,
Conv1, 128, 64, 5, 5, 256, 128, 1, 1, 11, 58, 1, 1, 32, 128, 0, 9713244, 9713244, 5347413, 2246568, 3354135, 55.053, 23.129, 34.532,-0.079094,2,46,30,
Conv1, 128, 64, 5, 5, 256, 128, 1, 1, 11, 59, 1, 1, 32, 128, 0, 9745114, 9745114, 5303447, 2246568, 3403037, 54.422, 23.053, 34.920,-0.082635,2,47,30,
Conv1, 128, 64, 5, 5, 256, 128, 1, 1, 10, 59, 1, 1, 32, 128, 0, 9741114, 9741114, 5305101, 2309782, 3370964, 54.461, 23.712, 34.606,-0.082190,2,48,30,
Conv1, 128, 64, 5, 5, 256, 128, 1, 1, 9, 59, 1, 1, 32, 128, 0, 9762904, 9762904, 5301833, 2372996, 3369388, 54.306, 24.306, 34.512,-0.084611,2,49,30,
Conv1, 128, 64, 5, 5, 256, 128, 1, 1, 8, 59, 1, 1, 32, 128, 0, 9790655, 9790655, 5307360, 2499424, 3391910, 54.208, 25.529, 34.644,-0.087694,2,50,30,
Conv1, 128, 64, 5, 5, 256, 128, 1, 1, 7, 59, 1, 1, 32, 128, 0, 9777564, 9777564, 5305392, 2625852, 3371244, 54.261, 26.856, 34.479,-0.086240,2,51,30,
Conv1, 128, 64, 5, 5, 256, 128, 1, 1, 6, 59, 1, 1, 32, 128, 0, 9795963, 9795963, 5306649, 2815494, 3364235, 54.172, 28.741, 34.343,-0.088284,2,52,30,
Conv1, 128, 64, 5, 5, 256, 128, 1, 1, 5, 59, 1, 1, 32, 128, 0, 9846744, 9846744, 5307552, 3068350, 3369136, 53.902, 31.161, 34.216,-0.093925,2,53,30,
Conv1, 128, 64, 5, 5, 256, 128, 1, 1, 5, 59, 1, 1, 32, 128, 0, 9846744, 9846744, 5307552, 3068350, 3369136, 53.902, 31.161, 34.216,-0.093925,2,54,30,
Conv1, 128, 64, 5, 5, 256, 128, 1, 1, 6, 59, 1, 1, 32, 128, 0, 9795963, 9795963, 5306649, 2815494, 3364235, 54.172, 28.741, 34.343,-0.088284,2,55,30,
Conv1, 128, 64, 5, 5, 256, 128, 1, 1, 5, 59, 1, 1, 32, 128, 0, 9846744, 9846744, 5307552, 3068350, 3369136, 53.902, 31.161, 34.216,-0.093925,2,56,30,
Conv1, 128, 64, 5, 5, 256, 128, 1, 1, 4, 58, 1, 1, 32, 128, 0, 9879754, 9879754, 5345273, 3447634, 3328387, 54.103, 34.896, 33.689,-0.097593,2,57,30,
Conv1, 128, 64, 5, 5, 256, 128, 1, 1, 3, 58, 1, 1, 32, 128, 0, 10040574, 10040574, 5340238, 4142988, 3330703, 53.187, 41.262, 33.172,-0.115459,2,58,30,
Conv1, 128, 64, 5, 5, 256, 128, 1, 1, 2, 58, 1, 1, 32, 128, 0, 10507344, 10507344, 5335147, 5407268, 3315344, 50.775, 51.462, 31.553,-0.167315,2,59,30,
Conv1, 128, 64, 5, 5, 256, 128, 1, 1, 2, 58, 1, 1, 32, 128, 0, 10507344, 10507344, 5335147, 5407268, 3315344, 50.775, 51.462, 31.553,-0.167315,2,60,30,
Conv1, 128, 64, 5, 5, 256, 128, 1, 1, 1, 59, 1, 1, 32, 128, 0, 13746438, 13746438, 5310330, 9326536, 3341081, 38.631, 67.847, 24.305,-0.527162,2,61,30,
Conv1, 128, 64, 5, 5, 256, 128, 1, 1, 1, 60, 1, 1, 32, 128, 0, 10521063, 10521063, 5327389, 5407268, 3333289, 50.635, 51.395, 31.682,-0.168839,2,62,30,
Conv1, 128, 64, 5, 5, 256, 128, 1, 1, 2, 60, 1, 1, 32, 128, 0, 9585293, 9585293, 5335244, 3447634, 3316963, 55.661, 35.968, 34.605,-0.064879,2,63,30,
Conv1, 128, 64, 5, 5, 256, 128, 1, 1, 1, 60, 1, 1, 32, 128, 0, 10521063, 10521063, 5327389, 5407268, 3333289, 50.635, 51.395, 31.682,-0.168839,2,64,30,
Conv1, 128, 64, 5, 5, 256, 128, 1, 1, 1, 60, 1, 1, 32, 128, 0, 10521063, 10521063, 5327389, 5407268, 3333289, 50.635, 51.395, 31.682,-0.168839,2,65,30,
Conv1, 128, 64, 5, 5, 256, 128, 1, 1, 1, 60, 1, 1, 32, 128, 0, 10521063, 10521063, 5327389, 5407268, 3333289, 50.635, 51.395, 31.682,-0.168839,2,66,30,
Conv1, 128, 64, 5, 5, 256, 128, 1, 1, 1, 60, 1, 1, 32, 128, 0, 10521063, 10521063, 5327389, 5407268, 3333289, 50.635, 51.395, 31.682,-0.168839,2,67,30,
Conv1, 128, 64, 5, 5, 256, 128, 1, 1, 1, 60, 1, 1, 32, 128, 0, 10521063, 10521063, 5327389, 5407268, 3333289, 50.635, 51.395, 31.682,-0.168839,2,68,30,
Conv1, 128, 64, 5, 5, 256, 128, 1, 1, 1, 60, 1, 1, 32, 128, 0, 10521063, 10521063, 5327389, 5407268, 3333289, 50.635, 51.395, 31.682,-0.168839,2,69,30,
Conv1, 128, 64, 5, 5, 256, 128, 1, 1, 2, 60, 1, 1, 32, 128, 0, 9585293, 9585293, 5335244, 3447634, 3316963, 55.661, 35.968, 34.605,-0.064879,2,70,30,
Conv1, 128, 64, 5, 5, 256, 128, 1, 1, 1, 60, 1, 1, 32, 128, 0, 10521063, 10521063, 5327389, 5407268, 3333289, 50.635, 51.395, 31.682,-0.168839,2,71,30,
Conv1, 128, 64, 5, 5, 256, 128, 1, 1, 1, 60, 1, 1, 32, 128, 0, 10521063, 10521063, 5327389, 5407268, 3333289, 50.635, 51.395, 31.682,-0.168839,2,72,30,
Conv1, 128, 64, 5, 5, 256, 128, 1, 1, 1, 60, 1, 1, 32, 128, 0, 10521063, 10521063, 5327389, 5407268, 3333289, 50.635, 51.395, 31.682,-0.168839,2,73,30,
Conv1, 128, 64, 5, 5, 256, 128, 1, 1, 1, 60, 1, 1, 32, 128, 0, 10521063, 10521063, 5327389, 5407268, 3333289, 50.635, 51.395, 31.682,-0.168839,2,74,30,
Conv1, 128, 64, 5, 5, 256, 128, 1, 1, 1, 60, 1, 1, 32, 128, 0, 10521063, 10521063, 5327389, 5407268, 3333289, 50.635, 51.395, 31.682,-0.168839,2,75,30,
Conv1, 128, 64, 5, 5, 256, 128, 1, 1, 1, 59, 1, 1, 32, 128, 0, 13746438, 13746438, 5310330, 9326536, 3341081, 38.631, 67.847, 24.305,-0.527162,2,76,30,
Conv1, 128, 64, 5, 5, 256, 128, 1, 1, 1, 59, 1, 1, 32, 128, 0, 13746438, 13746438, 5310330, 9326536, 3341081, 38.631, 67.847, 24.305,-0.527162,2,77,30,
Conv1, 128, 64, 5, 5, 256, 128, 1, 1, 1, 60, 1, 1, 32, 128, 0, 10521063, 10521063, 5327389, 5407268, 3333289, 50.635, 51.395, 31.682,-0.168839,2,78,30,
Conv1, 128, 64, 5, 5, 256, 128, 1, 1, 2, 60, 1, 1, 32, 128, 0, 9585293, 9585293, 5335244, 3447634, 3316963, 55.661, 35.968, 34.605,-0.064879,2,79,30,
Conv1, 128, 64, 5, 5, 256, 128, 1, 1, 1, 60, 1, 1, 32, 128, 0, 10521063, 10521063, 5327389, 5407268, 3333289, 50.635, 51.395, 31.682,-0.168839,2,80,30,
Conv1, 128, 64, 5, 5, 256, 128, 1, 1, 1, 60, 1, 1, 32, 128, 0, 10521063, 10521063, 5327389, 5407268, 3333289, 50.635, 51.395, 31.682,-0.168839,2,81,30,
Conv1, 128, 64, 5, 5, 256, 128, 1, 1, 1, 60, 1, 1, 32, 128, 0, 10521063, 10521063, 5327389, 5407268, 3333289, 50.635, 51.395, 31.682,-0.168839,2,82,30,
Conv1, 128, 64, 5, 5, 256, 128, 1, 1, 1, 60, 1, 1, 32, 128, 0, 10521063, 10521063, 5327389, 5407268, 3333289, 50.635, 51.395, 31.682,-0.168839,2,83,30,
Conv1, 128, 64, 5, 5, 256, 128, 1, 1, 1, 60, 1, 1, 32, 128, 0, 10521063, 10521063, 5327389, 5407268, 3333289, 50.635, 51.395, 31.682,-0.168839,2,84,30,
Conv1, 128, 64, 5, 5, 256, 128, 1, 1, 1, 60, 1, 1, 32, 128, 0, 10521063, 10521063, 5327389, 5407268, 3333289, 50.635, 51.395, 31.682,-0.168839,2,85,30,
Conv1, 128, 64, 5, 5, 256, 128, 1, 1, 1, 60, 1, 1, 32, 128, 0, 10521063, 10521063, 5327389, 5407268, 3333289, 50.635, 51.395, 31.682,-0.168839,2,86,30,
Conv1, 128, 64, 5, 5, 256, 128, 1, 1, 1, 60, 1, 1, 32, 128, 0, 10521063, 10521063, 5327389, 5407268, 3333289, 50.635, 51.395, 31.682,-0.168839,2,87,30,
Conv1, 128, 64, 5, 5, 256, 128, 1, 1, 1, 60, 1, 1, 32, 128, 0, 10521063, 10521063, 5327389, 5407268, 3333289, 50.635, 51.395, 31.682,-0.168839,2,88,30,
Conv1, 128, 64, 5, 5, 256, 128, 1, 1, 1, 60, 1, 1, 32, 128, 0, 10521063, 10521063, 5327389, 5407268, 3333289, 50.635, 51.395, 31.682,-0.168839,2,89,30,
Conv1, 128, 64, 5, 5, 256, 128, 1, 1, 1, 60, 1, 1, 32, 128, 0, 10521063, 10521063, 5327389, 5407268, 3333289, 50.635, 51.395, 31.682,-0.168839,2,90,30,
Conv1, 128, 64, 5, 5, 256, 128, 1, 1, 1, 60, 1, 1, 32, 128, 0, 10521063, 10521063, 5327389, 5407268, 3333289, 50.635, 51.395, 31.682,-0.168839,2,91,30,
Conv1, 128, 64, 5, 5, 256, 128, 1, 1, 1, 60, 1, 1, 32, 128, 0, 10521063, 10521063, 5327389, 5407268, 3333289, 50.635, 51.395, 31.682,-0.168839,2,92,30,
Conv1, 128, 64, 5, 5, 256, 128, 1, 1, 1, 60, 1, 1, 32, 128, 0, 10521063, 10521063, 5327389, 5407268, 3333289, 50.635, 51.395, 31.682,-0.168839,2,93,30,
Conv1, 128, 64, 5, 5, 256, 128, 1, 1, 2, 60, 1, 1, 32, 128, 0, 9585293, 9585293, 5335244, 3447634, 3316963, 55.661, 35.968, 34.605,-0.064879,2,94,30,
Conv1, 128, 64, 5, 5, 256, 128, 1, 1, 3, 60, 1, 1, 32, 128, 0, 9315933, 9315933, 5340662, 2815494, 3323021, 57.328, 30.222, 35.670,-0.034955,2,95,30,
Conv1, 128, 64, 5, 5, 256, 128, 1, 1, 2, 60, 1, 1, 32, 128, 0, 9585293, 9585293, 5335244, 3447634, 3316963, 55.661, 35.968, 34.605,-0.064879,2,96,30,
Conv1, 128, 64, 5, 5, 256, 128, 1, 1, 1, 60, 1, 1, 32, 128, 0, 10521063, 10521063, 5327389, 5407268, 3333289, 50.635, 51.395, 31.682,-0.168839,2,97,30,
Conv1, 128, 64, 5, 5, 256, 128, 1, 1, 1, 60, 1, 1, 32, 128, 0, 10521063, 10521063, 5327389, 5407268, 3333289, 50.635, 51.395, 31.682,-0.168839,2,98,30,
Conv1, 128, 64, 5, 5, 256, 128, 1, 1, 1, 60, 1, 1, 32, 128, 0, 10521063, 10521063, 5327389, 5407268, 3333289, 50.635, 51.395, 31.682,-0.168839,2,99,30,
Conv1, 128, 64, 5, 5, 256, 128, 1, 1, 31, 46, 1, 1, 32, 128, 0, 9196193, 9196193, 5349635, 1740856, 3332798, 58.172, 18.930, 36.241,-0.021652,3,0,30,
Conv1, 128, 64, 5, 5, 256, 128, 1, 1, 30, 46, 1, 1, 32, 128, 0, 9256523, 9256523, 5346928, 1804070, 3321218, 57.764, 19.490, 35.880,-0.028355,3,1,30,
Conv1, 128, 64, 5, 5, 256, 128, 1, 1, 29, 46, 1, 1, 32, 128, 0, 9299403, 9299403, 5348228, 1804070, 3389077, 57.512, 19.400, 36.444,-0.033118,3,2,30,
Conv1, 128, 64, 5, 5, 256, 128, 1, 1, 28, 46, 1, 1, 32, 128, 0, 9269483, 9269483, 5349884, 1804070, 3375575, 57.715, 19.462, 36.416,-0.029794,3,3,30,
Conv1, 128, 64, 5, 5, 256, 128, 1, 1, 27, 46, 1, 1, 32, 128, 0, 9261203, 9261203, 5348959, 1804070, 3362252, 57.757, 19.480, 36.305,-0.028875,3,4,30,
Conv1, 128, 64, 5, 5, 256, 128, 1, 1, 26, 46, 1, 1, 32, 128, 0, 9253833, 9253833, 5347888, 1804070, 3349939, 57.791, 19.495, 36.201,-0.028056,3,5,30,
Conv1, 128, 64, 5, 5, 256, 128, 1, 1, 26, 47, 1, 1, 32, 128, 0, 9276193, 9276193, 5281853, 1804070, 3407789, 56.940, 19.448, 36.737,-0.030540,3,6,30,
Conv1, 128, 64, 5, 5, 256, 128, 1, 1, 25, 48, 1, 1, 32, 128, 0, 9312623, 9312623, 5349673, 1804070, 3339530, 57.445, 19.372, 35.860,-0.034587,3,7,30,
Conv1, 128, 64, 5, 5, 256, 128, 1, 1, 24, 48, 1, 1, 32, 128, 0, 9329963, 9329963, 5348000, 1867284, 3325168, 57.321, 20.014, 35.640,-0.036514,3,8,30,
Conv1, 128, 64, 5, 5, 256, 128, 1, 1, 24, 48, 1, 1, 32, 128, 0, 9329963, 9329963, 5348000, 1867284, 3325168, 57.321, 20.014, 35.640,-0.036514,3,9,30,
Conv1, 128, 64, 5, 5, 256, 128, 1, 1, 23, 47, 1, 1, 32, 128, 0, 9268999, 9268999, 5283677, 1867284, 3386867, 57.004, 20.145, 36.540,-0.029741,3,10,30,
Conv1, 128, 64, 5, 5, 256, 128, 1, 1, 22, 46, 1, 1, 32, 128, 0, 9295153, 9295153, 5346862, 1867284, 3373178, 57.523, 20.089, 36.290,-0.032646,3,11,30,
Conv1, 128, 64, 5, 5, 256, 128, 1, 1, 21, 46, 1, 1, 32, 128, 0, 9288013, 9288013, 5348737, 1867284, 3357412, 57.588, 20.104, 36.148,-0.031853,3,12,30,
Conv1, 128, 64, 5, 5, 256, 128, 1, 1, 21, 46, 1, 1, 32, 128, 0, 9288013, 9288013, 5348737, 1867284, 3357412, 57.588, 20.104, 36.148,-0.031853,3,13,30,
Conv1, 128, 64, 5, 5, 256, 128, 1, 1, 20, 46, 1, 1, 32, 128, 0, 9291893, 9291893, 5348184, 1930498, 3341031, 57.558, 20.776, 35.956,-0.032284,3,14,30,
Conv1, 128, 64, 5, 5, 256, 128, 1, 1, 20, 47, 1, 1, 32, 128, 0, 9309813, 9309813, 5282562, 1930498, 3398628, 56.742, 20.736, 36.506,-0.034275,3,15,30,
Conv1, 128, 64, 5, 5, 256, 128, 1, 1, 19, 47, 1, 1, 32, 128, 0, 9271984, 9271984, 5284226, 1930498, 3381851, 56.991, 20.821, 36.474,-0.030072,3,16,30,
Conv1, 128, 64, 5, 5, 256, 128, 1, 1, 18, 47, 1, 1, 32, 128, 0, 9265414, 9265414, 5283715, 1930498, 3379933, 57.026, 20.836, 36.479,-0.029342,3,17,30,
Conv1, 128, 64, 5, 5, 256, 128, 1, 1, 17, 48, 1, 1, 32, 128, 0, 9332803, 9332803, 5347395, 1993712, 3353042, 57.297, 21.362, 35.927,-0.036829,3,18,30,
Conv1, 128, 64, 5, 5, 256, 128, 1, 1, 17, 48, 1, 1, 32, 128, 0, 9332803, 9332803, 5347395, 1993712, 3353042, 57.297, 21.362, 35.927,-0.036829,3,19,30,
Conv1, 128, 64, 5, 5, 256, 128, 1, 1, 16, 49, 1, 1, 32, 128, 0, 9339503, 9339503, 5301861, 1993712, 3379156, 56.768, 21.347, 36.181,-0.037573,3,20,30,
Conv1, 128, 64, 5, 5, 256, 128, 1, 1, 15, 49, 1, 1, 32, 128, 0, 9346673, 9346673, 5299021, 2056926, 3368311, 56.694, 22.007, 36.038,-0.038370,3,21,30,
Conv1, 128, 64, 5, 5, 256, 128, 1, 1, 14, 49, 1, 1, 32, 128, 0, 9358733, 9358733, 5299210, 2056926, 3386259, 56.623, 21.979, 36.183,-0.039710,3,22,30,
Conv1, 128, 64, 5, 5, 256, 128, 1, 1, 13, 49, 1, 1, 32, 128, 0, 9369568, 9369568, 5301359, 2120140, 3372477, 56.581, 22.628, 35.994,-0.040913,3,23,30,
Conv1, 128, 64, 5, 5, 256, 128, 1, 1, 12, 49, 1, 1, 32, 128, 0, 9410833, 9410833, 5299889, 2183354, 3382304, 56.317, 23.200, 35.941,-0.045498,3,24,30,
Conv1, 128, 64, 5, 5, 256, 128, 1, 1, 11, 49, 1, 1, 32, 128, 0, 9451685, 9451685, 5296286, 2246568, 3398159, 56.035, 23.769, 35.953,-0.050036,3,25,30,
Conv1, 128, 64, 5, 5, 256, 128, 1, 1, 10, 49, 1, 1, 32, 128, 0, 9445473, 9445473, 5304605, 2309782, 3366303, 56.160, 24.454, 35.639,-0.049346,3,26,30,
Conv1, 128, 64, 5, 5, 256, 128, 1, 1, 9, 49, 1, 1, 32, 128, 0, 9459358, 9459358, 5296981, 2372996, 3369411, 55.997, 25.086, 35.620,-0.050889,3,27,30,
Conv1, 128, 64, 5, 5, 256, 128, 1, 1, 8, 49, 1, 1, 32, 128, 0, 9490343, 9490343, 5302069, 2499424, 3382793, 55.868, 26.336, 35.645,-0.054331,3,28,30,
Conv1, 128, 64, 5, 5, 256, 128, 1, 1, 8, 49, 1, 1, 32, 128, 0, 9490343, 9490343, 5302069, 2499424, 3382793, 55.868, 26.336, 35.645,-0.054331,3,29,30,
Conv1, 128, 64, 5, 5, 256, 128, 1, 1, 7, 49, 1, 1, 32, 128, 0, 9498648, 9498648, 5297961, 2625852, 3372569, 55.776, 27.644, 35.506,-0.055254,3,30,30,
Conv1, 128, 64, 5, 5, 256, 128, 1, 1, 6, 49, 1, 1, 32, 128, 0, 9525724, 9525724, 5299094, 2815494, 3366605, 55.629, 29.557, 35.342,-0.058262,3,31,30,
Conv1, 128, 64, 5, 5, 256, 128, 1, 1, 5, 49, 1, 1, 32, 128, 0, 9579893, 9579893, 5304206, 3068350, 3375729, 55.368, 32.029, 35.238,-0.064280,3,32,30,
Conv1, 128, 64, 5, 5, 256, 128, 1, 1, 5, 49, 1, 1, 32, 128, 0, 9579893, 9579893, 5304206, 3068350, 3375729, 55.368, 32.029, 35.238,-0.064280,3,33,30,
Conv1, 128, 64, 5, 5, 256, 128, 1, 1, 4, 50, 1, 1, 32, 128, 0, 9667763, 9667763, 5333193, 3447634, 3332976, 55.165, 35.661, 34.475,-0.074041,3,34,30,
Conv1, 128, 64, 5, 5, 256, 128, 1, 1, 3, 50, 1, 1, 32, 128, 0, 9912804, 9912804, 5331009, 4142988, 3328239, 53.779, 41.794, 33.575,-0.101264,3,35,30,
Conv1, 128, 64, 5, 5, 256, 128, 1, 1, 3, 50, 1, 1, 32, 128, 0, 9912804, 9912804, 5331009, 4142988, 3328239, 53.779, 41.794, 33.575,-0.101264,3,36,30,
Conv1, 128, 64, 5, 5, 256, 128, 1, 1, 2, 50, 1, 1, 32, 128, 0, 10542803, 10542803, 5342537, 5407268, 3343286, 50.675, 51.289, 31.712,-0.171254,3,37,30,
Conv1, 128, 64, 5, 5, 256, 128, 1, 1, 1, 50, 1, 1, 32, 128, 0, 13740004, 13740004, 5305495, 9326536, 3339010, 38.613, 67.879, 24.301,-0.526448,3,38,30,
Conv1, 128, 64, 5, 5, 256, 128, 1, 1, 1, 50, 1, 1, 32, 128, 0, 13740004, 13740004, 5305495, 9326536, 3339010, 38.613, 67.879, 24.301,-0.526448,3,39,30,
Conv1, 128, 64, 5, 5, 256, 128, 1, 1, 1, 50, 1, 1, 32, 128, 0, 13740004, 13740004, 5305495, 9326536, 3339010, 38.613, 67.879, 24.301,-0.526448,3,40,30,
Conv1, 128, 64, 5, 5, 256, 128, 1, 1, 1, 50, 1, 1, 32, 128, 0, 13740004, 13740004, 5305495, 9326536, 3339010, 38.613, 67.879, 24.301,-0.526448,3,41,30,
Conv1, 128, 64, 5, 5, 256, 128, 1, 1, 1, 50, 1, 1, 32, 128, 0, 13740004, 13740004, 5305495, 9326536, 3339010, 38.613, 67.879, 24.301,-0.526448,3,42,30,
Conv1, 128, 64, 5, 5, 256, 128, 1, 1, 2, 50, 1, 1, 32, 128, 0, 10542803, 10542803, 5342537, 5407268, 3343286, 50.675, 51.289, 31.712,-0.171254,3,43,30,
Conv1, 128, 64, 5, 5, 256, 128, 1, 1, 2, 49, 1, 1, 32, 128, 0, 10532755, 10532755, 5316551, 5407268, 3362090, 50.476, 51.338, 31.920,-0.170138,3,44,30,
Conv1, 128, 64, 5, 5, 256, 128, 1, 1, 1, 49, 1, 1, 32, 128, 0, 13746474, 13746474, 5306661, 9326536, 3342464, 38.604, 67.847, 24.315,-0.527166,3,45,30,
Conv1, 128, 64, 5, 5, 256, 128, 1, 1, 1, 50, 1, 1, 32, 128, 0, 13740004, 13740004, 5305495, 9326536, 3339010, 38.613, 67.879, 24.301,-0.526448,3,46,30,
Conv1, 128, 64, 5, 5, 256, 128, 1, 1, 1, 50, 1, 1, 32, 128, 0, 13740004, 13740004, 5305495, 9326536, 3339010, 38.613, 67.879, 24.301,-0.526448,3,47,30,
Conv1, 128, 64, 5, 5, 256, 128, 1, 1, 1, 50, 1, 1, 32, 128, 0, 13740004, 13740004, 5305495, 9326536, 3339010, 38.613, 67.879, 24.301,-0.526448,3,48,30,
Conv1, 128, 64, 5, 5, 256, 128, 1, 1, 1, 50, 1, 1, 32, 128, 0, 13740004, 13740004, 5305495, 9326536, 3339010, 38.613, 67.879, 24.301,-0.526448,3,49,30,
Conv1, 128, 64, 5, 5, 256, 128, 1, 1, 1, 50, 1, 1, 32, 128, 0, 13740004, 13740004, 5305495, 9326536, 3339010, 38.613, 67.879, 24.301,-0.526448,3,50,30,
Conv1, 128, 64, 5, 5, 256, 128, 1, 1, 1, 50, 1, 1, 32, 128, 0, 13740004, 13740004, 5305495, 9326536, 3339010, 38.613, 67.879, 24.301,-0.526448,3,51,30,
Conv1, 128, 64, 5, 5, 256, 128, 1, 1, 1, 50, 1, 1, 32, 128, 0, 13740004, 13740004, 5305495, 9326536, 3339010, 38.613, 67.879, 24.301,-0.526448,3,52,30,
Conv1, 128, 64, 5, 5, 256, 128, 1, 1, 1, 51, 1, 1, 32, 128, 0, 13741438, 13741438, 5310836, 9326536, 3335528, 38.648, 67.872, 24.274,-0.526607,3,53,30,
Conv1, 128, 64, 5, 5, 256, 128, 1, 1, 1, 52, 1, 1, 32, 128, 0, 13742685, 13742685, 5313036, 9326536, 3334701, 38.661, 67.865, 24.265,-0.526745,3,54,30,
Conv1, 128, 64, 5, 5, 256, 128, 1, 1, 1, 52, 1, 1, 32, 128, 0, 13742685, 13742685, 5313036, 9326536, 3334701, 38.661, 67.865, 24.265,-0.526745,3,55,30,
Conv1, 128, 64, 5, 5, 256, 128, 1, 1, 1, 52, 1, 1, 32, 128, 0, 13742685, 13742685, 5313036, 9326536, 3334701, 38.661, 67.865, 24.265,-0.526745,3,56,30,
Conv1, 128, 64, 5, 5, 256, 128, 1, 1, 1, 52, 1, 1, 32, 128, 0, 13742685, 13742685, 5313036, 9326536, 3334701, 38.661, 67.865, 24.265,-0.526745,3,57,30,
Conv1, 128, 64, 5, 5, 256, 128, 1, 1, 1, 53, 1, 1, 32, 128, 0, 13738614, 13738614, 5306825, 9326536, 3337109, 38.627, 67.886, 24.290,-0.526293,3,58,30,
Conv1, 128, 64, 5, 5, 256, 128, 1, 1, 1, 53, 1, 1, 32, 128, 0, 13738614, 13738614, 5306825, 9326536, 3337109, 38.627, 67.886, 24.290,-0.526293,3,59,30,
Conv1, 128, 64, 5, 5, 256, 128, 1, 1, 1, 53, 1, 1, 32, 128, 0, 13738614, 13738614, 5306825, 9326536, 3337109, 38.627, 67.886, 24.290,-0.526293,3,60,30,
Conv1, 128, 64, 5, 5, 256, 128, 1, 1, 1, 53, 1, 1, 32, 128, 0, 13738614, 13738614, 5306825, 9326536, 3337109, 38.627, 67.886, 24.290,-0.526293,3,61,30,
Conv1, 128, 64, 5, 5, 256, 128, 1, 1, 1, 53, 1, 1, 32, 128, 0, 13738614, 13738614, 5306825, 9326536, 3337109, 38.627, 67.886, 24.290,-0.526293,3,62,30,
Conv1, 128, 64, 5, 5, 256, 128, 1, 1, 1, 53, 1, 1, 32, 128, 0, 13738614, 13738614, 5306825, 9326536, 3337109, 38.627, 67.886, 24.290,-0.526293,3,63,30,
Conv1, 128, 64, 5, 5, 256, 128, 1, 1, 1, 53, 1, 1, 32, 128, 0, 13738614, 13738614, 5306825, 9326536, 3337109, 38.627, 67.886, 24.290,-0.526293,3,64,30,
Conv1, 128, 64, 5, 5, 256, 128, 1, 1, 1, 53, 1, 1, 32, 128, 0, 13738614, 13738614, 5306825, 9326536, 3337109, 38.627, 67.886, 24.290,-0.526293,3,65,30,
Conv1, 128, 64, 5, 5, 256, 128, 1, 1, 1, 53, 1, 1, 32, 128, 0, 13738614, 13738614, 5306825, 9326536, 3337109, 38.627, 67.886, 24.290,-0.526293,3,66,30,
Conv1, 128, 64, 5, 5, 256, 128, 1, 1, 1, 53, 1, 1, 32, 128, 0, 13738614, 13738614, 5306825, 9326536, 3337109, 38.627, 67.886, 24.290,-0.526293,3,67,30,
Conv1, 128, 64, 5, 5, 256, 128, 1, 1, 1, 53, 1, 1, 32, 128, 0, 13738614, 13738614, 5306825, 9326536, 3337109, 38.627, 67.886, 24.290,-0.526293,3,68,30,
Conv1, 128, 64, 5, 5, 256, 128, 1, 1, 1, 53, 1, 1, 32, 128, 0, 13738614, 13738614, 5306825, 9326536, 3337109, 38.627, 67.886, 24.290,-0.526293,3,69,30,
Conv1, 128, 64, 5, 5, 256, 128, 1, 1, 1, 53, 1, 1, 32, 128, 0, 13738614, 13738614, 5306825, 9326536, 3337109, 38.627, 67.886, 24.290,-0.526293,3,70,30,
Conv1, 128, 64, 5, 5, 256, 128, 1, 1, 1, 53, 1, 1, 32, 128, 0, 13738614, 13738614, 5306825, 9326536, 3337109, 38.627, 67.886, 24.290,-0.526293,3,71,30,
Conv1, 128, 64, 5, 5, 256, 128, 1, 1, 1, 53, 1, 1, 32, 128, 0, 13738614, 13738614, 5306825, 9326536, 3337109, 38.627, 67.886, 24.290,-0.526293,3,72,30,
Conv1, 128, 64, 5, 5, 256, 128, 1, 1, 1, 53, 1, 1, 32, 128, 0, 13738614, 13738614, 5306825, 9326536, 3337109, 38.627, 67.886, 24.290,-0.526293,3,73,30,
Conv1, 128, 64, 5, 5, 256, 128, 1, 1, 1, 53, 1, 1, 32, 128, 0, 13738614, 13738614, 5306825, 9326536, 3337109, 38.627, 67.886, 24.290,-0.526293,3,74,30,
Conv1, 128, 64, 5, 5, 256, 128, 1, 1, 1, 53, 1, 1, 32, 128, 0, 13738614, 13738614, 5306825, 9326536, 3337109, 38.627, 67.886, 24.290,-0.526293,3,75,30,
Conv1, 128, 64, 5, 5, 256, 128, 1, 1, 1, 53, 1, 1, 32, 128, 0, 13738614, 13738614, 5306825, 9326536, 3337109, 38.627, 67.886, 24.290,-0.526293,3,76,30,
Conv1, 128, 64, 5, 5, 256, 128, 1, 1, 2, 53, 1, 1, 32, 128, 0, 10520944, 10520944, 5301294, 5407268, 3363302, 50.388, 51.395, 31.968,-0.168826,3,77,30,
Conv1, 128, 64, 5, 5, 256, 128, 1, 1, 1, 53, 1, 1, 32, 128, 0, 13738614, 13738614, 5306825, 9326536, 3337109, 38.627, 67.886, 24.290,-0.526293,3,78,30,
Conv1, 128, 64, 5, 5, 256, 128, 1, 1, 1, 53, 1, 1, 32, 128, 0, 13738614, 13738614, 5306825, 9326536, 3337109, 38.627, 67.886, 24.290,-0.526293,3,79,30,
Conv1, 128, 64, 5, 5, 256, 128, 1, 1, 1, 53, 1, 1, 32, 128, 0, 13738614, 13738614, 5306825, 9326536, 3337109, 38.627, 67.886, 24.290,-0.526293,3,80,30,
Conv1, 128, 64, 5, 5, 256, 128, 1, 1, 1, 53, 1, 1, 32, 128, 0, 13738614, 13738614, 5306825, 9326536, 3337109, 38.627, 67.886, 24.290,-0.526293,3,81,30,
Conv1, 128, 64, 5, 5, 256, 128, 1, 1, 1, 53, 1, 1, 32, 128, 0, 13738614, 13738614, 5306825, 9326536, 3337109, 38.627, 67.886, 24.290,-0.526293,3,82,30,
Conv1, 128, 64, 5, 5, 256, 128, 1, 1, 1, 53, 1, 1, 32, 128, 0, 13738614, 13738614, 5306825, 9326536, 3337109, 38.627, 67.886, 24.290,-0.526293,3,83,30,
Conv1, 128, 64, 5, 5, 256, 128, 1, 1, 1, 54, 1, 1, 32, 128, 0, 13750764, 13750764, 5313146, 9326536, 3341089, 38.639, 67.826, 24.297,-0.527643,3,84,30,
Conv1, 128, 64, 5, 5, 256, 128, 1, 1, 1, 54, 1, 1, 32, 128, 0, 13750764, 13750764, 5313146, 9326536, 3341089, 38.639, 67.826, 24.297,-0.527643,3,85,30,
Conv1, 128, 64, 5, 5, 256, 128, 1, 1, 1, 54, 1, 1, 32, 128, 0, 13750764, 13750764, 5313146, 9326536, 3341089, 38.639, 67.826, 24.297,-0.527643,3,86,30,
Conv1, 128, 64, 5, 5, 256, 128, 1, 1, 1, 55, 1, 1, 32, 128, 0, 13742904, 13742904, 5309466, 9326536, 3338463, 38.634, 67.864, 24.292,-0.526770,3,87,30,
Conv1, 128, 64, 5, 5, 256, 128, 1, 1, 1, 55, 1, 1, 32, 128, 0, 13742904, 13742904, 5309466, 9326536, 3338463, 38.634, 67.864, 24.292,-0.526770,3,88,30,
Conv1, 128, 64, 5, 5, 256, 128, 1, 1, 1, 56, 1, 1, 32, 128, 0, 13735354, 13735354, 5311060, 9326536, 3326406, 38.667, 67.902, 24.218,-0.525931,3,89,30,
Conv1, 128, 64, 5, 5, 256, 128, 1, 1, 1, 56, 1, 1, 32, 128, 0, 13735354, 13735354, 5311060, 9326536, 3326406, 38.667, 67.902, 24.218,-0.525931,3,90,30,
Conv1, 128, 64, 5, 5, 256, 128, 1, 1, 1, 56, 1, 1, 32, 128, 0, 13735354, 13735354, 5311060, 9326536, 3326406, 38.667, 67.902, 24.218,-0.525931,3,91,30,
Conv1, 128, 64, 5, 5, 256, 128, 1, 1, 1, 56, 1, 1, 32, 128, 0, 13735354, 13735354, 5311060, 9326536, 3326406, 38.667, 67.902, 24.218,-0.525931,3,92,30,
Conv1, 128, 64, 5, 5, 256, 128, 1, 1, 1, 56, 1, 1, 32, 128, 0, 13735354, 13735354, 5311060, 9326536, 3326406, 38.667, 67.902, 24.218,-0.525931,3,93,30,
Conv1, 128, 64, 5, 5, 256, 128, 1, 1, 1, 56, 1, 1, 32, 128, 0, 13735354, 13735354, 5311060, 9326536, 3326406, 38.667, 67.902, 24.218,-0.525931,3,94,30,
Conv1, 128, 64, 5, 5, 256, 128, 1, 1, 1, 56, 1, 1, 32, 128, 0, 13735354, 13735354, 5311060, 9326536, 3326406, 38.667, 67.902, 24.218,-0.525931,3,95,30,
Conv1, 128, 64, 5, 5, 256, 128, 1, 1, 1, 57, 1, 1, 32, 128, 0, 13734564, 13734564, 5307776, 9326536, 3331855, 38.645, 67.906, 24.259,-0.525843,3,96,30,
Conv1, 128, 64, 5, 5, 256, 128, 1, 1, 1, 57, 1, 1, 32, 128, 0, 13734564, 13734564, 5307776, 9326536, 3331855, 38.645, 67.906, 24.259,-0.525843,3,97,30,
Conv1, 128, 64, 5, 5, 256, 128, 1, 1, 1, 58, 1, 1, 32, 128, 0, 13732454, 13732454, 5301919, 9326536, 3333686, 38.609, 67.916, 24.276,-0.525609,3,98,30,
Conv1, 128, 64, 5, 5, 256, 128, 1, 1, 2, 59, 1, 1, 32, 128, 0, 10518555, 10518555, 5311710, 5407268, 3352148, 50.498, 51.407, 31.869,-0.168560,3,99,30,
Conv1, 128, 64, 5, 5, 256, 128, 1, 1, 120.000, 25.000, 1, 1, 32, 128, 0, 0, 0, 0, 0, 0, 0.000, 0.000, 0.000, -23.242188, 4, 0, 31,
 Conv1, 128, 64, 5, 5, 256, 128, 1, 1, 119.000, 25.000, 1, 1, 32, 128, 0, 0, 0, 0, 0, 0, 0.000, 0.000, 0.000, -22.631836, 4, 1, 32,
 Conv1, 128, 64, 5, 5, 256, 128, 1, 1, 118.000, 25.000, 1, 1, 32, 128, 0, 0, 0, 0, 0, 0, 0.000, 0.000, 0.000, -22.021484, 4, 2, 33,
 Conv1, 128, 64, 5, 5, 256, 128, 1, 1, 117.000, 26.000, 1, 1, 32, 128, 0, 0, 0, 0, 0, 0, 0.000, 0.000, 0.000, -24.267578, 4, 3, 34,
 Conv1, 128, 64, 5, 5, 256, 128, 1, 1, 116.000, 26.000, 1, 1, 32, 128, 0, 0, 0, 0, 0, 0, 0.000, 0.000, 0.000, -23.632812, 4, 4, 35,
 Conv1, 128, 64, 5, 5, 256, 128, 1, 1, 115.000, 26.000, 1, 1, 32, 128, 0, 0, 0, 0, 0, 0, 0.000, 0.000, 0.000, -22.998047, 4, 5, 36,
 Conv1, 128, 64, 5, 5, 256, 128, 1, 1, 115.000, 26.000, 1, 1, 32, 128, 0, 0, 0, 0, 0, 0, 0.000, 0.000, 0.000, -22.998047, 4, 6, 37,
 Conv1, 128, 64, 5, 5, 256, 128, 1, 1, 114.000, 26.000, 1, 1, 32, 128, 0, 0, 0, 0, 0, 0, 0.000, 0.000, 0.000, -22.363281, 4, 7, 38,
 Conv1, 128, 64, 5, 5, 256, 128, 1, 1, 113.000, 26.000, 1, 1, 32, 128, 0, 0, 0, 0, 0, 0, 0.000, 0.000, 0.000, -21.728516, 4, 8, 39,
 Conv1, 128, 64, 5, 5, 256, 128, 1, 1, 112.000, 26.000, 1, 1, 32, 128, 0, 0, 0, 0, 0, 0, 0.000, 0.000, 0.000, -21.093750, 4, 9, 40,
 Conv1, 128, 64, 5, 5, 256, 128, 1, 1, 112.000, 26.000, 1, 1, 32, 128, 0, 0, 0, 0, 0, 0, 0.000, 0.000, 0.000, -21.093750, 4, 10, 41,
 Conv1, 128, 64, 5, 5, 256, 128, 1, 1, 111.000, 27.000, 1, 1, 32, 128, 0, 0, 0, 0, 0, 0, 0.000, 0.000, 0.000, -23.168945, 4, 11, 42,
 Conv1, 128, 64, 5, 5, 256, 128, 1, 1, 112.000, 28.000, 1, 1, 32, 128, 0, 0, 0, 0, 0, 0, 0.000, 0.000, 0.000, -26.562500, 4, 12, 43,
 Conv1, 128, 64, 5, 5, 256, 128, 1, 1, 111.000, 28.000, 1, 1, 32, 128, 0, 0, 0, 0, 0, 0, 0.000, 0.000, 0.000, -25.878906, 4, 13, 44,
 Conv1, 128, 64, 5, 5, 256, 128, 1, 1, 110.000, 29.000, 1, 1, 32, 128, 0, 0, 0, 0, 0, 0, 0.000, 0.000, 0.000, -27.880859, 4, 14, 45,
 Conv1, 128, 64, 5, 5, 256, 128, 1, 1, 109.000, 30.000, 1, 1, 32, 128, 0, 0, 0, 0, 0, 0, 0.000, 0.000, 0.000, -29.833984, 4, 15, 46,
 Conv1, 128, 64, 5, 5, 256, 128, 1, 1, 108.000, 30.000, 1, 1, 32, 128, 0, 0, 0, 0, 0, 0, 0.000, 0.000, 0.000, -29.101562, 4, 16, 47,
 Conv1, 128, 64, 5, 5, 256, 128, 1, 1, 107.000, 30.000, 1, 1, 32, 128, 0, 0, 0, 0, 0, 0, 0.000, 0.000, 0.000, -28.369141, 4, 17, 48,
 Conv1, 128, 64, 5, 5, 256, 128, 1, 1, 107.000, 30.000, 1, 1, 32, 128, 0, 0, 0, 0, 0, 0, 0.000, 0.000, 0.000, -28.369141, 4, 18, 49,
 Conv1, 128, 64, 5, 5, 256, 128, 1, 1, 106.000, 30.000, 1, 1, 32, 128, 0, 0, 0, 0, 0, 0, 0.000, 0.000, 0.000, -27.636719, 4, 19, 50,
 Conv1, 128, 64, 5, 5, 256, 128, 1, 1, 105.000, 29.000, 1, 1, 32, 128, 0, 0, 0, 0, 0, 0, 0.000, 0.000, 0.000, -24.340820, 4, 20, 51,
 Conv1, 128, 64, 5, 5, 256, 128, 1, 1, 104.000, 29.000, 1, 1, 32, 128, 0, 0, 0, 0, 0, 0, 0.000, 0.000, 0.000, -23.632812, 4, 21, 52,
 Conv1, 128, 64, 5, 5, 256, 128, 1, 1, 103.000, 30.000, 1, 1, 32, 128, 0, 0, 0, 0, 0, 0, 0.000, 0.000, 0.000, -25.439453, 4, 22, 53,
 Conv1, 128, 64, 5, 5, 256, 128, 1, 1, 102.000, 30.000, 1, 1, 32, 128, 0, 0, 0, 0, 0, 0, 0.000, 0.000, 0.000, -24.707031, 4, 23, 54,
 Conv1, 128, 64, 5, 5, 256, 128, 1, 1, 101.000, 30.000, 1, 1, 32, 128, 0, 0, 0, 0, 0, 0, 0.000, 0.000, 0.000, -23.974609, 4, 24, 55,
 Conv1, 128, 64, 5, 5, 256, 128, 1, 1, 100.000, 31.000, 1, 1, 32, 128, 0, 0, 0, 0, 0, 0, 0.000, 0.000, 0.000, -25.683594, 4, 25, 56,
 Conv1, 128, 64, 5, 5, 256, 128, 1, 1, 99.000, 31.000, 1, 1, 32, 128, 0, 0, 0, 0, 0, 0, 0.000, 0.000, 0.000, -24.926758, 4, 26, 57,
 Conv1, 128, 64, 5, 5, 256, 128, 1, 1, 98.000, 32.000, 1, 1, 32, 128, 0, 0, 0, 0, 0, 0, 0.000, 0.000, 0.000, -26.562500, 4, 27, 58,
 Conv1, 128, 64, 5, 5, 256, 128, 1, 1, 99.000, 32.000, 1, 1, 32, 128, 0, 0, 0, 0, 0, 0, 0.000, 0.000, 0.000, -27.343750, 4, 28, 59,
 Conv1, 128, 64, 5, 5, 256, 128, 1, 1, 98.000, 32.000, 1, 1, 32, 128, 0, 0, 0, 0, 0, 0, 0.000, 0.000, 0.000, -26.562500, 4, 29, 60,
 Conv1, 128, 64, 5, 5, 256, 128, 1, 1, 99.000, 32.000, 1, 1, 32, 128, 0, 0, 0, 0, 0, 0, 0.000, 0.000, 0.000, -27.343750, 4, 30, 61,
 Conv1, 128, 64, 5, 5, 256, 128, 1, 1, 98.000, 33.000, 1, 1, 32, 128, 0, 0, 0, 0, 0, 0, 0.000, 0.000, 0.000, -28.955078, 4, 31, 62,
 Conv1, 128, 64, 5, 5, 256, 128, 1, 1, 97.000, 34.000, 1, 1, 32, 128, 0, 0, 0, 0, 0, 0, 0.000, 0.000, 0.000, -30.517578, 4, 32, 63,
 Conv1, 128, 64, 5, 5, 256, 128, 1, 1, 98.000, 34.000, 1, 1, 32, 128, 0, 0, 0, 0, 0, 0, 0.000, 0.000, 0.000, -31.347656, 4, 33, 64,
 Conv1, 128, 64, 5, 5, 256, 128, 1, 1, 97.000, 34.000, 1, 1, 32, 128, 0, 0, 0, 0, 0, 0, 0.000, 0.000, 0.000, -30.517578, 4, 34, 65,
 Conv1, 128, 64, 5, 5, 256, 128, 1, 1, 97.000, 34.000, 1, 1, 32, 128, 0, 0, 0, 0, 0, 0, 0.000, 0.000, 0.000, -30.517578, 4, 35, 66,
 Conv1, 128, 64, 5, 5, 256, 128, 1, 1, 96.000, 34.000, 1, 1, 32, 128, 0, 0, 0, 0, 0, 0, 0.000, 0.000, 0.000, -29.687500, 4, 36, 67,
 Conv1, 128, 64, 5, 5, 256, 128, 1, 1, 96.000, 34.000, 1, 1, 32, 128, 0, 0, 0, 0, 0, 0, 0.000, 0.000, 0.000, -29.687500, 4, 37, 68,
 Conv1, 128, 64, 5, 5, 256, 128, 1, 1, 97.000, 35.000, 1, 1, 32, 128, 0, 0, 0, 0, 0, 0, 0.000, 0.000, 0.000, -32.885742, 4, 38, 69,
 Conv1, 128, 64, 5, 5, 256, 128, 1, 1, 96.000, 35.000, 1, 1, 32, 128, 0, 0, 0, 0, 0, 0, 0.000, 0.000, 0.000, -32.031250, 4, 39, 70,
 Conv1, 128, 64, 5, 5, 256, 128, 1, 1, 96.000, 35.000, 1, 1, 32, 128, 0, 0, 0, 0, 0, 0, 0.000, 0.000, 0.000, -32.031250, 4, 40, 71,
 Conv1, 128, 64, 5, 5, 256, 128, 1, 1, 95.000, 35.000, 1, 1, 32, 128, 0, 0, 0, 0, 0, 0, 0.000, 0.000, 0.000, -31.176758, 4, 41, 72,
 Conv1, 128, 64, 5, 5, 256, 128, 1, 1, 94.000, 35.000, 1, 1, 32, 128, 0, 0, 0, 0, 0, 0, 0.000, 0.000, 0.000, -30.322266, 4, 42, 73,
 Conv1, 128, 64, 5, 5, 256, 128, 1, 1, 94.000, 36.000, 1, 1, 32, 128, 0, 0, 0, 0, 0, 0, 0.000, 0.000, 0.000, -32.617188, 4, 43, 74,
 Conv1, 128, 64, 5, 5, 256, 128, 1, 1, 93.000, 36.000, 1, 1, 32, 128, 0, 0, 0, 0, 0, 0, 0.000, 0.000, 0.000, -31.738281, 4, 44, 75,
 Conv1, 128, 64, 5, 5, 256, 128, 1, 1, 94.000, 36.000, 1, 1, 32, 128, 0, 0, 0, 0, 0, 0, 0.000, 0.000, 0.000, -32.617188, 4, 45, 76,
 Conv1, 128, 64, 5, 5, 256, 128, 1, 1, 93.000, 36.000, 1, 1, 32, 128, 0, 0, 0, 0, 0, 0, 0.000, 0.000, 0.000, -31.738281, 4, 46, 77,
 Conv1, 128, 64, 5, 5, 256, 128, 1, 1, 92.000, 36.000, 1, 1, 32, 128, 0, 0, 0, 0, 0, 0, 0.000, 0.000, 0.000, -30.859375, 4, 47, 78,
 Conv1, 128, 64, 5, 5, 256, 128, 1, 1, 91.000, 37.000, 1, 1, 32, 128, 0, 0, 0, 0, 0, 0, 0.000, 0.000, 0.000, -32.202148, 4, 48, 79,
 Conv1, 128, 64, 5, 5, 256, 128, 1, 1, 91.000, 37.000, 1, 1, 32, 128, 0, 0, 0, 0, 0, 0, 0.000, 0.000, 0.000, -32.202148, 4, 49, 80,
 Conv1, 128, 64, 5, 5, 256, 128, 1, 1, 90.000, 37.000, 1, 1, 32, 128, 0, 0, 0, 0, 0, 0, 0.000, 0.000, 0.000, -31.298828, 4, 50, 81,
 Conv1, 128, 64, 5, 5, 256, 128, 1, 1, 89.000, 37.000, 1, 1, 32, 128, 0, 0, 0, 0, 0, 0, 0.000, 0.000, 0.000, -30.395508, 4, 51, 82,
 Conv1, 128, 64, 5, 5, 256, 128, 1, 1, 88.000, 37.000, 1, 1, 32, 128, 0, 0, 0, 0, 0, 0, 0.000, 0.000, 0.000, -29.492188, 4, 52, 83,
 Conv1, 128, 64, 5, 5, 256, 128, 1, 1, 87.000, 37.000, 1, 1, 32, 128, 0, 0, 0, 0, 0, 0, 0.000, 0.000, 0.000, -28.588867, 4, 53, 84,
 Conv1, 128, 64, 5, 5, 256, 128, 1, 1, 86.000, 37.000, 1, 1, 32, 128, 0, 0, 0, 0, 0, 0, 0.000, 0.000, 0.000, -27.685547, 4, 54, 85,
 Conv1, 128, 64, 5, 5, 256, 128, 1, 1, 85.000, 37.000, 1, 1, 32, 128, 0, 0, 0, 0, 0, 0, 0.000, 0.000, 0.000, -26.782227, 4, 55, 86,
 Conv1, 128, 64, 5, 5, 256, 128, 1, 1, 84.000, 37.000, 1, 1, 32, 128, 0, 0, 0, 0, 0, 0, 0.000, 0.000, 0.000, -25.878906, 4, 56, 87,
 Conv1, 128, 64, 5, 5, 256, 128, 1, 1, 84.000, 37.000, 1, 1, 32, 128, 0, 0, 0, 0, 0, 0, 0.000, 0.000, 0.000, -25.878906, 4, 57, 88,
 Conv1, 128, 64, 5, 5, 256, 128, 1, 1, 83.000, 37.000, 1, 1, 32, 128, 0, 0, 0, 0, 0, 0, 0.000, 0.000, 0.000, -24.975586, 4, 58, 89,
 Conv1, 128, 64, 5, 5, 256, 128, 1, 1, 84.000, 37.000, 1, 1, 32, 128, 0, 0, 0, 0, 0, 0, 0.000, 0.000, 0.000, -25.878906, 4, 59, 90,
 Conv1, 128, 64, 5, 5, 256, 128, 1, 1, 83.000, 37.000, 1, 1, 32, 128, 0, 0, 0, 0, 0, 0, 0.000, 0.000, 0.000, -24.975586, 4, 60, 91,
 Conv1, 128, 64, 5, 5, 256, 128, 1, 1, 83.000, 37.000, 1, 1, 32, 128, 0, 0, 0, 0, 0, 0, 0.000, 0.000, 0.000, -24.975586, 4, 61, 92,
 Conv1, 128, 64, 5, 5, 256, 128, 1, 1, 82.000, 38.000, 1, 1, 32, 128, 0, 0, 0, 0, 0, 0, 0.000, 0.000, 0.000, -26.074219, 4, 62, 93,
 Conv1, 128, 64, 5, 5, 256, 128, 1, 1, 81.000, 39.000, 1, 1, 32, 128, 0, 0, 0, 0, 0, 0, 0.000, 0.000, 0.000, -27.124023, 4, 63, 94,
 Conv1, 128, 64, 5, 5, 256, 128, 1, 1, 80.000, 39.000, 1, 1, 32, 128, 0, 0, 0, 0, 0, 0, 0.000, 0.000, 0.000, -26.171875, 4, 64, 95,
 Conv1, 128, 64, 5, 5, 256, 128, 1, 1, 79.000, 39.000, 1, 1, 32, 128, 0, 0, 0, 0, 0, 0, 0.000, 0.000, 0.000, -25.219727, 4, 65, 96,
 Conv1, 128, 64, 5, 5, 256, 128, 1, 1, 78.000, 39.000, 1, 1, 32, 128, 0, 0, 0, 0, 0, 0, 0.000, 0.000, 0.000, -24.267578, 4, 66, 97,
 Conv1, 128, 64, 5, 5, 256, 128, 1, 1, 77.000, 39.000, 1, 1, 32, 128, 0, 0, 0, 0, 0, 0, 0.000, 0.000, 0.000, -23.315430, 4, 67, 98,
 Conv1, 128, 64, 5, 5, 256, 128, 1, 1, 76.000, 40.000, 1, 1, 32, 128, 0, 0, 0, 0, 0, 0, 0.000, 0.000, 0.000, -24.218750, 4, 68, 99,
 Conv1, 128, 64, 5, 5, 256, 128, 1, 1, 75.000, 40.000, 1, 1, 32, 128, 0, 0, 0, 0, 0, 0, 0.000, 0.000, 0.000, -23.242188, 4, 69, 100,
 Conv1, 128, 64, 5, 5, 256, 128, 1, 1, 74.000, 40.000, 1, 1, 32, 128, 0, 0, 0, 0, 0, 0, 0.000, 0.000, 0.000, -22.265625, 4, 70, 101,
 Conv1, 128, 64, 5, 5, 256, 128, 1, 1, 73.000, 40.000, 1, 1, 32, 128, 0, 0, 0, 0, 0, 0, 0.000, 0.000, 0.000, -21.289062, 4, 71, 102,
 Conv1, 128, 64, 5, 5, 256, 128, 1, 1, 72.000, 40.000, 1, 1, 32, 128, 0, 0, 0, 0, 0, 0, 0.000, 0.000, 0.000, -20.312500, 4, 72, 103,
 Conv1, 128, 64, 5, 5, 256, 128, 1, 1, 71.000, 40.000, 1, 1, 32, 128, 0, 0, 0, 0, 0, 0, 0.000, 0.000, 0.000, -19.335938, 4, 73, 104,
 Conv1, 128, 64, 5, 5, 256, 128, 1, 1, 72.000, 40.000, 1, 1, 32, 128, 0, 0, 0, 0, 0, 0, 0.000, 0.000, 0.000, -20.312500, 4, 74, 105,
 Conv1, 128, 64, 5, 5, 256, 128, 1, 1, 71.000, 40.000, 1, 1, 32, 128, 0, 0, 0, 0, 0, 0, 0.000, 0.000, 0.000, -19.335938, 4, 75, 106,
 Conv1, 128, 64, 5, 5, 256, 128, 1, 1, 70.000, 40.000, 1, 1, 32, 128, 0, 0, 0, 0, 0, 0, 0.000, 0.000, 0.000, -18.359375, 4, 76, 107,
 Conv1, 128, 64, 5, 5, 256, 128, 1, 1, 70.000, 41.000, 1, 1, 32, 128, 0, 0, 0, 0, 0, 0, 0.000, 0.000, 0.000, -20.068359, 4, 77, 108,
 Conv1, 128, 64, 5, 5, 256, 128, 1, 1, 69.000, 41.000, 1, 1, 32, 128, 0, 0, 0, 0, 0, 0, 0.000, 0.000, 0.000, -19.067383, 4, 78, 109,
 Conv1, 128, 64, 5, 5, 256, 128, 1, 1, 68.000, 42.000, 1, 1, 32, 128, 0, 0, 0, 0, 0, 0, 0.000, 0.000, 0.000, -19.726562, 4, 79, 110,
 Conv1, 128, 64, 5, 5, 256, 128, 1, 1, 67.000, 42.000, 1, 1, 32, 128, 0, 0, 0, 0, 0, 0, 0.000, 0.000, 0.000, -18.701172, 4, 80, 111,
 Conv1, 128, 64, 5, 5, 256, 128, 1, 1, 66.000, 42.000, 1, 1, 32, 128, 0, 0, 0, 0, 0, 0, 0.000, 0.000, 0.000, -17.675781, 4, 81, 112,
 Conv1, 128, 64, 5, 5, 256, 128, 1, 1, 65.000, 42.000, 1, 1, 32, 128, 0, 0, 0, 0, 0, 0, 0.000, 0.000, 0.000, -16.650391, 4, 82, 113,
 Conv1, 128, 64, 5, 5, 256, 128, 1, 1, 66.000, 43.000, 1, 1, 32, 128, 0, 0, 0, 0, 0, 0, 0.000, 0.000, 0.000, -19.287109, 4, 83, 114,
 Conv1, 128, 64, 5, 5, 256, 128, 1, 1, 65.000, 43.000, 1, 1, 32, 128, 0, 0, 0, 0, 0, 0, 0.000, 0.000, 0.000, -18.237305, 4, 84, 115,
 Conv1, 128, 64, 5, 5, 256, 128, 1, 1, 65.000, 44.000, 1, 1, 32, 128, 0, 0, 0, 0, 0, 0, 0.000, 0.000, 0.000, -19.824219, 4, 85, 116,
 Conv1, 128, 64, 5, 5, 256, 128, 1, 1, 64.000, 44.000, 1, 1, 32, 128, 0, 0, 0, 0, 0, 0, 0.000, 0.000, 0.000, -18.750000, 4, 86, 117,
 Conv1, 128, 64, 5, 5, 256, 128, 1, 1, 63.000, 44.000, 1, 1, 32, 128, 0, 0, 0, 0, 0, 0, 0.000, 0.000, 0.000, -17.675781, 4, 87, 118,
 Conv1, 128, 64, 5, 5, 256, 128, 1, 1, 63.000, 44.000, 1, 1, 32, 128, 0, 0, 0, 0, 0, 0, 0.000, 0.000, 0.000, -17.675781, 4, 88, 119,
 Conv1, 128, 64, 5, 5, 256, 128, 1, 1, 63.000, 44.000, 1, 1, 32, 128, 0, 0, 0, 0, 0, 0, 0.000, 0.000, 0.000, -17.675781, 4, 89, 120,
 Conv1, 128, 64, 5, 5, 256, 128, 1, 1, 64.000, 45.000, 1, 1, 32, 128, 0, 0, 0, 0, 0, 0, 0.000, 0.000, 0.000, -20.312500, 4, 90, 121,
 Conv1, 128, 64, 5, 5, 256, 128, 1, 1, 63.000, 45.000, 1, 1, 32, 128, 0, 0, 0, 0, 0, 0, 0.000, 0.000, 0.000, -19.213867, 4, 91, 122,
 Conv1, 128, 64, 5, 5, 256, 128, 1, 1, 63.000, 45.000, 1, 1, 32, 128, 0, 0, 0, 0, 0, 0, 0.000, 0.000, 0.000, -19.213867, 4, 92, 123,
 Conv1, 128, 64, 5, 5, 256, 128, 1, 1, 62.000, 45.000, 1, 1, 32, 128, 0, 0, 0, 0, 0, 0, 0.000, 0.000, 0.000, -18.115234, 4, 93, 124,
 Conv1, 128, 64, 5, 5, 256, 128, 1, 1, 62.000, 46.000, 1, 1, 32, 128, 0, 0, 0, 0, 0, 0, 0.000, 0.000, 0.000, -19.628906, 4, 94, 125,
 Conv1, 128, 64, 5, 5, 256, 128, 1, 1, 62.000, 46.000, 1, 1, 32, 128, 0, 0, 0, 0, 0, 0, 0.000, 0.000, 0.000, -19.628906, 4, 95, 126,
 Conv1, 128, 64, 5, 5, 256, 128, 1, 1, 61.000, 46.000, 1, 1, 32, 128, 0, 0, 0, 0, 0, 0, 0.000, 0.000, 0.000, -18.505859, 4, 96, 127,
 Conv1, 128, 64, 5, 5, 256, 128, 1, 1, 61.000, 46.000, 1, 1, 32, 128, 0, 0, 0, 0, 0, 0, 0.000, 0.000, 0.000, -18.505859, 4, 97, 128,
 Conv1, 128, 64, 5, 5, 256, 128, 1, 1, 60.000, 46.000, 1, 1, 32, 128, 0, 0, 0, 0, 0, 0, 0.000, 0.000, 0.000, -17.382812, 4, 98, 129,
 Conv1, 128, 64, 5, 5, 256, 128, 1, 1, 59.000, 47.000, 1, 1, 32, 128, 0, 0, 0, 0, 0, 0, 0.000, 0.000, 0.000, -17.700195, 4, 99, 130,
 Conv1, 128, 64, 5, 5, 256, 128, 1, 1, 20, 54, 1, 1, 32, 128, 0, 9507553, 9507553, 5347778, 1930498, 3349786, 56.248, 20.305, 35.233,-0.056243,5,0,130,
Conv1, 128, 64, 5, 5, 256, 128, 1, 1, 20, 54, 1, 1, 32, 128, 0, 9507553, 9507553, 5347778, 1930498, 3349786, 56.248, 20.305, 35.233,-0.056243,5,1,130,
Conv1, 128, 64, 5, 5, 256, 128, 1, 1, 19, 54, 1, 1, 32, 128, 0, 9472483, 9472483, 5349865, 1930498, 3333872, 56.478, 20.380, 35.195,-0.052347,5,2,130,
Conv1, 128, 64, 5, 5, 256, 128, 1, 1, 18, 54, 1, 1, 32, 128, 0, 9488983, 9488983, 5346523, 1930498, 3321539, 56.345, 20.345, 35.004,-0.054180,5,3,130,
Conv1, 128, 64, 5, 5, 256, 128, 1, 1, 17, 54, 1, 1, 32, 128, 0, 9517875, 9517875, 5347899, 1993712, 3358451, 56.188, 20.947, 35.286,-0.057390,5,4,130,
Conv1, 128, 64, 5, 5, 256, 128, 1, 1, 16, 55, 1, 1, 32, 128, 0, 9516983, 9516983, 5294216, 1993712, 3391131, 55.629, 20.949, 35.632,-0.057291,5,5,130,
Conv1, 128, 64, 5, 5, 256, 128, 1, 1, 15, 55, 1, 1, 32, 128, 0, 9513563, 9513563, 5296277, 2056926, 3375242, 55.671, 21.621, 35.478,-0.056911,5,6,130,
Conv1, 128, 64, 5, 5, 256, 128, 1, 1, 15, 55, 1, 1, 32, 128, 0, 9513563, 9513563, 5296277, 2056926, 3375242, 55.671, 21.621, 35.478,-0.056911,5,7,130,
Conv1, 128, 64, 5, 5, 256, 128, 1, 1, 14, 55, 1, 1, 32, 128, 0, 9538383, 9538383, 5296959, 2056926, 3396886, 55.533, 21.565, 35.613,-0.059668,5,8,130,
Conv1, 128, 64, 5, 5, 256, 128, 1, 1, 13, 55, 1, 1, 32, 128, 0, 9535708, 9535708, 5292416, 2120140, 3373546, 55.501, 22.234, 35.378,-0.059371,5,9,130,
Conv1, 128, 64, 5, 5, 256, 128, 1, 1, 14, 55, 1, 1, 32, 128, 0, 9538383, 9538383, 5296959, 2056926, 3396886, 55.533, 21.565, 35.613,-0.059668,5,10,130,
Conv1, 128, 64, 5, 5, 256, 128, 1, 1, 14, 55, 1, 1, 32, 128, 0, 9538383, 9538383, 5296959, 2056926, 3396886, 55.533, 21.565, 35.613,-0.059668,5,11,130,
Conv1, 128, 64, 5, 5, 256, 128, 1, 1, 13, 56, 1, 1, 32, 128, 0, 9567943, 9567943, 5345537, 2120140, 3323464, 55.869, 22.159, 34.735,-0.062952,5,12,130,
Conv1, 128, 64, 5, 5, 256, 128, 1, 1, 13, 56, 1, 1, 32, 128, 0, 9567943, 9567943, 5345537, 2120140, 3323464, 55.869, 22.159, 34.735,-0.062952,5,13,130,
Conv1, 128, 64, 5, 5, 256, 128, 1, 1, 13, 56, 1, 1, 32, 128, 0, 9567943, 9567943, 5345537, 2120140, 3323464, 55.869, 22.159, 34.735,-0.062952,5,14,130,
Conv1, 128, 64, 5, 5, 256, 128, 1, 1, 13, 56, 1, 1, 32, 128, 0, 9567943, 9567943, 5345537, 2120140, 3323464, 55.869, 22.159, 34.735,-0.062952,5,15,130,
Conv1, 128, 64, 5, 5, 256, 128, 1, 1, 12, 56, 1, 1, 32, 128, 0, 9610645, 9610645, 5344538, 2183354, 3341088, 55.611, 22.718, 34.764,-0.067696,5,16,130,
Conv1, 128, 64, 5, 5, 256, 128, 1, 1, 11, 56, 1, 1, 32, 128, 0, 9651514, 9651514, 5346995, 2246568, 3352024, 55.401, 23.277, 34.731,-0.072236,5,17,130,
Conv1, 128, 64, 5, 5, 256, 128, 1, 1, 10, 56, 1, 1, 32, 128, 0, 9647285, 9647285, 5347106, 2309782, 3323315, 55.426, 23.942, 34.448,-0.071766,5,18,130,
Conv1, 128, 64, 5, 5, 256, 128, 1, 1, 9, 56, 1, 1, 32, 128, 0, 9672423, 9672423, 5344656, 2372996, 3324453, 55.257, 24.534, 34.370,-0.074559,5,19,130,
Conv1, 128, 64, 5, 5, 256, 128, 1, 1, 8, 56, 1, 1, 32, 128, 0, 9695814, 9695814, 5344980, 2499424, 3344890, 55.127, 25.778, 34.498,-0.077158,5,20,130,
Conv1, 128, 64, 5, 5, 256, 128, 1, 1, 8, 56, 1, 1, 32, 128, 0, 9695814, 9695814, 5344980, 2499424, 3344890, 55.127, 25.778, 34.498,-0.077158,5,21,130,
Conv1, 128, 64, 5, 5, 256, 128, 1, 1, 7, 56, 1, 1, 32, 128, 0, 9704213, 9704213, 5344806, 2625852, 3329447, 55.077, 27.059, 34.309,-0.078091,5,22,130,
Conv1, 128, 64, 5, 5, 256, 128, 1, 1, 7, 57, 1, 1, 32, 128, 0, 9734864, 9734864, 5304089, 2625852, 3371751, 54.485, 26.974, 34.636,-0.081496,5,23,130,
Conv1, 128, 64, 5, 5, 256, 128, 1, 1, 7, 57, 1, 1, 32, 128, 0, 9734864, 9734864, 5304089, 2625852, 3371751, 54.485, 26.974, 34.636,-0.081496,5,24,130,
Conv1, 128, 64, 5, 5, 256, 128, 1, 1, 6, 57, 1, 1, 32, 128, 0, 9742074, 9742074, 5303810, 2815494, 3367113, 54.442, 28.900, 34.563,-0.082297,5,25,130,
Conv1, 128, 64, 5, 5, 256, 128, 1, 1, 5, 57, 1, 1, 32, 128, 0, 9798004, 9798004, 5308435, 3068350, 3373062, 54.179, 31.316, 34.426,-0.088511,5,26,130,
Conv1, 128, 64, 5, 5, 256, 128, 1, 1, 4, 57, 1, 1, 32, 128, 0, 9864063, 9864063, 5308009, 3447634, 3377471, 53.812, 34.951, 34.240,-0.095849,5,27,130,
Conv1, 128, 64, 5, 5, 256, 128, 1, 1, 4, 57, 1, 1, 32, 128, 0, 9864063, 9864063, 5308009, 3447634, 3377471, 53.812, 34.951, 34.240,-0.095849,5,28,130,
Conv1, 128, 64, 5, 5, 256, 128, 1, 1, 3, 57, 1, 1, 32, 128, 0, 10019774, 10019774, 5314888, 4142988, 3360956, 53.044, 41.348, 33.543,-0.113148,5,29,130,
Conv1, 128, 64, 5, 5, 256, 128, 1, 1, 2, 57, 1, 1, 32, 128, 0, 10511334, 10511334, 5309770, 5407268, 3348142, 50.515, 51.442, 31.853,-0.167758,5,30,130,
Conv1, 128, 64, 5, 5, 256, 128, 1, 1, 1, 57, 1, 1, 32, 128, 0, 13734564, 13734564, 5307776, 9326536, 3331855, 38.645, 67.906, 24.259,-0.525843,5,31,130,
Conv1, 128, 64, 5, 5, 256, 128, 1, 1, 1, 57, 1, 1, 32, 128, 0, 13734564, 13734564, 5307776, 9326536, 3331855, 38.645, 67.906, 24.259,-0.525843,5,32,130,
Conv1, 128, 64, 5, 5, 256, 128, 1, 1, 1, 57, 1, 1, 32, 128, 0, 13734564, 13734564, 5307776, 9326536, 3331855, 38.645, 67.906, 24.259,-0.525843,5,33,130,
Conv1, 128, 64, 5, 5, 256, 128, 1, 1, 1, 57, 1, 1, 32, 128, 0, 13734564, 13734564, 5307776, 9326536, 3331855, 38.645, 67.906, 24.259,-0.525843,5,34,130,
Conv1, 128, 64, 5, 5, 256, 128, 1, 1, 1, 57, 1, 1, 32, 128, 0, 13734564, 13734564, 5307776, 9326536, 3331855, 38.645, 67.906, 24.259,-0.525843,5,35,130,
Conv1, 128, 64, 5, 5, 256, 128, 1, 1, 1, 57, 1, 1, 32, 128, 0, 13734564, 13734564, 5307776, 9326536, 3331855, 38.645, 67.906, 24.259,-0.525843,5,36,130,
Conv1, 128, 64, 5, 5, 256, 128, 1, 1, 1, 56, 1, 1, 32, 128, 0, 13735354, 13735354, 5311060, 9326536, 3326406, 38.667, 67.902, 24.218,-0.525931,5,37,130,
Conv1, 128, 64, 5, 5, 256, 128, 1, 1, 1, 56, 1, 1, 32, 128, 0, 13735354, 13735354, 5311060, 9326536, 3326406, 38.667, 67.902, 24.218,-0.525931,5,38,130,
Conv1, 128, 64, 5, 5, 256, 128, 1, 1, 1, 56, 1, 1, 32, 128, 0, 13735354, 13735354, 5311060, 9326536, 3326406, 38.667, 67.902, 24.218,-0.525931,5,39,130,
Conv1, 128, 64, 5, 5, 256, 128, 1, 1, 1, 56, 1, 1, 32, 128, 0, 13735354, 13735354, 5311060, 9326536, 3326406, 38.667, 67.902, 24.218,-0.525931,5,40,130,
Conv1, 128, 64, 5, 5, 256, 128, 1, 1, 1, 56, 1, 1, 32, 128, 0, 13735354, 13735354, 5311060, 9326536, 3326406, 38.667, 67.902, 24.218,-0.525931,5,41,130,
Conv1, 128, 64, 5, 5, 256, 128, 1, 1, 1, 57, 1, 1, 32, 128, 0, 13734564, 13734564, 5307776, 9326536, 3331855, 38.645, 67.906, 24.259,-0.525843,5,42,130,
Conv1, 128, 64, 5, 5, 256, 128, 1, 1, 1, 57, 1, 1, 32, 128, 0, 13734564, 13734564, 5307776, 9326536, 3331855, 38.645, 67.906, 24.259,-0.525843,5,43,130,
Conv1, 128, 64, 5, 5, 256, 128, 1, 1, 1, 57, 1, 1, 32, 128, 0, 13734564, 13734564, 5307776, 9326536, 3331855, 38.645, 67.906, 24.259,-0.525843,5,44,130,
Conv1, 128, 64, 5, 5, 256, 128, 1, 1, 1, 57, 1, 1, 32, 128, 0, 13734564, 13734564, 5307776, 9326536, 3331855, 38.645, 67.906, 24.259,-0.525843,5,45,130,
Conv1, 128, 64, 5, 5, 256, 128, 1, 1, 1, 57, 1, 1, 32, 128, 0, 13734564, 13734564, 5307776, 9326536, 3331855, 38.645, 67.906, 24.259,-0.525843,5,46,130,
Conv1, 128, 64, 5, 5, 256, 128, 1, 1, 1, 57, 1, 1, 32, 128, 0, 13734564, 13734564, 5307776, 9326536, 3331855, 38.645, 67.906, 24.259,-0.525843,5,47,130,
Conv1, 128, 64, 5, 5, 256, 128, 1, 1, 1, 57, 1, 1, 32, 128, 0, 13734564, 13734564, 5307776, 9326536, 3331855, 38.645, 67.906, 24.259,-0.525843,5,48,130,
Conv1, 128, 64, 5, 5, 256, 128, 1, 1, 1, 57, 1, 1, 32, 128, 0, 13734564, 13734564, 5307776, 9326536, 3331855, 38.645, 67.906, 24.259,-0.525843,5,49,130,
Conv1, 128, 64, 5, 5, 256, 128, 1, 1, 1, 57, 1, 1, 32, 128, 0, 13734564, 13734564, 5307776, 9326536, 3331855, 38.645, 67.906, 24.259,-0.525843,5,50,130,
Conv1, 128, 64, 5, 5, 256, 128, 1, 1, 1, 57, 1, 1, 32, 128, 0, 13734564, 13734564, 5307776, 9326536, 3331855, 38.645, 67.906, 24.259,-0.525843,5,51,130,
Conv1, 128, 64, 5, 5, 256, 128, 1, 1, 1, 57, 1, 1, 32, 128, 0, 13734564, 13734564, 5307776, 9326536, 3331855, 38.645, 67.906, 24.259,-0.525843,5,52,130,
Conv1, 128, 64, 5, 5, 256, 128, 1, 1, 1, 57, 1, 1, 32, 128, 0, 13734564, 13734564, 5307776, 9326536, 3331855, 38.645, 67.906, 24.259,-0.525843,5,53,130,
Conv1, 128, 64, 5, 5, 256, 128, 1, 1, 1, 57, 1, 1, 32, 128, 0, 13734564, 13734564, 5307776, 9326536, 3331855, 38.645, 67.906, 24.259,-0.525843,5,54,130,
Conv1, 128, 64, 5, 5, 256, 128, 1, 1, 2, 57, 1, 1, 32, 128, 0, 10511334, 10511334, 5309770, 5407268, 3348142, 50.515, 51.442, 31.853,-0.167758,5,55,130,
Conv1, 128, 64, 5, 5, 256, 128, 1, 1, 2, 57, 1, 1, 32, 128, 0, 10511334, 10511334, 5309770, 5407268, 3348142, 50.515, 51.442, 31.853,-0.167758,5,56,130,
Conv1, 128, 64, 5, 5, 256, 128, 1, 1, 2, 57, 1, 1, 32, 128, 0, 10511334, 10511334, 5309770, 5407268, 3348142, 50.515, 51.442, 31.853,-0.167758,5,57,130,
Conv1, 128, 64, 5, 5, 256, 128, 1, 1, 2, 57, 1, 1, 32, 128, 0, 10511334, 10511334, 5309770, 5407268, 3348142, 50.515, 51.442, 31.853,-0.167758,5,58,130,
Conv1, 128, 64, 5, 5, 256, 128, 1, 1, 1, 57, 1, 1, 32, 128, 0, 13734564, 13734564, 5307776, 9326536, 3331855, 38.645, 67.906, 24.259,-0.525843,5,59,130,
Conv1, 128, 64, 5, 5, 256, 128, 1, 1, 2, 57, 1, 1, 32, 128, 0, 10511334, 10511334, 5309770, 5407268, 3348142, 50.515, 51.442, 31.853,-0.167758,5,60,130,
Conv1, 128, 64, 5, 5, 256, 128, 1, 1, 1, 57, 1, 1, 32, 128, 0, 13734564, 13734564, 5307776, 9326536, 3331855, 38.645, 67.906, 24.259,-0.525843,5,61,130,
Conv1, 128, 64, 5, 5, 256, 128, 1, 1, 1, 57, 1, 1, 32, 128, 0, 13734564, 13734564, 5307776, 9326536, 3331855, 38.645, 67.906, 24.259,-0.525843,5,62,130,
Conv1, 128, 64, 5, 5, 256, 128, 1, 1, 1, 57, 1, 1, 32, 128, 0, 13734564, 13734564, 5307776, 9326536, 3331855, 38.645, 67.906, 24.259,-0.525843,5,63,130,
Conv1, 128, 64, 5, 5, 256, 128, 1, 1, 1, 57, 1, 1, 32, 128, 0, 13734564, 13734564, 5307776, 9326536, 3331855, 38.645, 67.906, 24.259,-0.525843,5,64,130,
Conv1, 128, 64, 5, 5, 256, 128, 1, 1, 1, 57, 1, 1, 32, 128, 0, 13734564, 13734564, 5307776, 9326536, 3331855, 38.645, 67.906, 24.259,-0.525843,5,65,130,
Conv1, 128, 64, 5, 5, 256, 128, 1, 1, 1, 57, 1, 1, 32, 128, 0, 13734564, 13734564, 5307776, 9326536, 3331855, 38.645, 67.906, 24.259,-0.525843,5,66,130,
Conv1, 128, 64, 5, 5, 256, 128, 1, 1, 1, 57, 1, 1, 32, 128, 0, 13734564, 13734564, 5307776, 9326536, 3331855, 38.645, 67.906, 24.259,-0.525843,5,67,130,
Conv1, 128, 64, 5, 5, 256, 128, 1, 1, 1, 57, 1, 1, 32, 128, 0, 13734564, 13734564, 5307776, 9326536, 3331855, 38.645, 67.906, 24.259,-0.525843,5,68,130,
Conv1, 128, 64, 5, 5, 256, 128, 1, 1, 2, 57, 1, 1, 32, 128, 0, 10511334, 10511334, 5309770, 5407268, 3348142, 50.515, 51.442, 31.853,-0.167758,5,69,130,
Conv1, 128, 64, 5, 5, 256, 128, 1, 1, 2, 57, 1, 1, 32, 128, 0, 10511334, 10511334, 5309770, 5407268, 3348142, 50.515, 51.442, 31.853,-0.167758,5,70,130,
Conv1, 128, 64, 5, 5, 256, 128, 1, 1, 1, 57, 1, 1, 32, 128, 0, 13734564, 13734564, 5307776, 9326536, 3331855, 38.645, 67.906, 24.259,-0.525843,5,71,130,
Conv1, 128, 64, 5, 5, 256, 128, 1, 1, 1, 57, 1, 1, 32, 128, 0, 13734564, 13734564, 5307776, 9326536, 3331855, 38.645, 67.906, 24.259,-0.525843,5,72,130,
Conv1, 128, 64, 5, 5, 256, 128, 1, 1, 1, 57, 1, 1, 32, 128, 0, 13734564, 13734564, 5307776, 9326536, 3331855, 38.645, 67.906, 24.259,-0.525843,5,73,130,
Conv1, 128, 64, 5, 5, 256, 128, 1, 1, 1, 57, 1, 1, 32, 128, 0, 13734564, 13734564, 5307776, 9326536, 3331855, 38.645, 67.906, 24.259,-0.525843,5,74,130,
Conv1, 128, 64, 5, 5, 256, 128, 1, 1, 1, 57, 1, 1, 32, 128, 0, 13734564, 13734564, 5307776, 9326536, 3331855, 38.645, 67.906, 24.259,-0.525843,5,75,130,
Conv1, 128, 64, 5, 5, 256, 128, 1, 1, 1, 57, 1, 1, 32, 128, 0, 13734564, 13734564, 5307776, 9326536, 3331855, 38.645, 67.906, 24.259,-0.525843,5,76,130,
Conv1, 128, 64, 5, 5, 256, 128, 1, 1, 1, 58, 1, 1, 32, 128, 0, 13732454, 13732454, 5301919, 9326536, 3333686, 38.609, 67.916, 24.276,-0.525609,5,77,130,
Conv1, 128, 64, 5, 5, 256, 128, 1, 1, 1, 58, 1, 1, 32, 128, 0, 13732454, 13732454, 5301919, 9326536, 3333686, 38.609, 67.916, 24.276,-0.525609,5,78,130,
Conv1, 128, 64, 5, 5, 256, 128, 1, 1, 1, 58, 1, 1, 32, 128, 0, 13732454, 13732454, 5301919, 9326536, 3333686, 38.609, 67.916, 24.276,-0.525609,5,79,130,
Conv1, 128, 64, 5, 5, 256, 128, 1, 1, 1, 59, 1, 1, 32, 128, 0, 13746438, 13746438, 5310330, 9326536, 3341081, 38.631, 67.847, 24.305,-0.527162,5,80,130,
Conv1, 128, 64, 5, 5, 256, 128, 1, 1, 1, 58, 1, 1, 32, 128, 0, 13732454, 13732454, 5301919, 9326536, 3333686, 38.609, 67.916, 24.276,-0.525609,5,81,130,
Conv1, 128, 64, 5, 5, 256, 128, 1, 1, 1, 59, 1, 1, 32, 128, 0, 13746438, 13746438, 5310330, 9326536, 3341081, 38.631, 67.847, 24.305,-0.527162,5,82,130,
Conv1, 128, 64, 5, 5, 256, 128, 1, 1, 1, 59, 1, 1, 32, 128, 0, 13746438, 13746438, 5310330, 9326536, 3341081, 38.631, 67.847, 24.305,-0.527162,5,83,130,
Conv1, 128, 64, 5, 5, 256, 128, 1, 1, 2, 59, 1, 1, 32, 128, 0, 10518555, 10518555, 5311710, 5407268, 3352148, 50.498, 51.407, 31.869,-0.168560,5,84,130,
Conv1, 128, 64, 5, 5, 256, 128, 1, 1, 2, 59, 1, 1, 32, 128, 0, 10518555, 10518555, 5311710, 5407268, 3352148, 50.498, 51.407, 31.869,-0.168560,5,85,130,
Conv1, 128, 64, 5, 5, 256, 128, 1, 1, 2, 59, 1, 1, 32, 128, 0, 10518555, 10518555, 5311710, 5407268, 3352148, 50.498, 51.407, 31.869,-0.168560,5,86,130,
Conv1, 128, 64, 5, 5, 256, 128, 1, 1, 1, 59, 1, 1, 32, 128, 0, 13746438, 13746438, 5310330, 9326536, 3341081, 38.631, 67.847, 24.305,-0.527162,5,87,130,
Conv1, 128, 64, 5, 5, 256, 128, 1, 1, 1, 59, 1, 1, 32, 128, 0, 13746438, 13746438, 5310330, 9326536, 3341081, 38.631, 67.847, 24.305,-0.527162,5,88,130,
Conv1, 128, 64, 5, 5, 256, 128, 1, 1, 1, 59, 1, 1, 32, 128, 0, 13746438, 13746438, 5310330, 9326536, 3341081, 38.631, 67.847, 24.305,-0.527162,5,89,130,
Conv1, 128, 64, 5, 5, 256, 128, 1, 1, 1, 59, 1, 1, 32, 128, 0, 13746438, 13746438, 5310330, 9326536, 3341081, 38.631, 67.847, 24.305,-0.527162,5,90,130,
